Workbook

Sheet INVENTARIO
A1: Código interno | B1: Instrumento | C1: Marca | D1: Modelo | E1: N. Serial | F1: Ubicación | G1: Proceso | H1: Magnitud | I1: Criticidad | J1: Cap. Máxima instrumento | K1: Cap. Mínima instrumento | L1: Div. de escala | M1: Cap. Máxima proceso | N1: Cap. Mínima proceso | O1: Tolerancia del proceso | P1: Estado funcional | Q1: Intervalo calibración (meses) | R1: Calibración actual | S1: Alarma Calibración | T1: Proveedor calibración | U1: Intervalo verificación (meses) | V1: Última verificación | W1: Alarma Verificación | X1: Proveedor verificación | Y1: Intervalo mantenimiento (meses) | Z1: Último mantenimiento | AA1: Alarma Mantto | AB1: Proveedor mantenimiento | AC1: RESPONSABLE | AD1: Observaciones
A2: MJM-001 | B2: {=INDIRECT("'"&$B2&"'!$A$6")} -> MASA PATRÓN | C2: {=INDIRECT("'"&$B2&"'!$G$14")} -> TRUMAX | D2: {=INDIRECT("'"&$B2&"'!$G$15")} -> M1 | E2: {=INDIRECT("'"&$B2&"'!$G$16")} -> AG210714 | F2: LABORATORIO 1 | G2: OPERATIVO | H2: {=INDIRECT("'"&$B2&"'!$G$11")} -> MASA | I2: BAJA | J2: {=INDIRECT("'"&$B2&"'!$G$21")} -> 200 g | K2: {=INDIRECT("'"&$B2&"'!$G$22")} -> 200 g | L2: {=INDIRECT("'"&$B2&"'!$G$23")} -> N/A | N2: {=INDIRECT("'"&$B2&"'!$G$22")} -> 200 g | P2: {=IFERROR(LOOKUP(2,1/((INDIRECT("'"&$B2&"'!$G$29:$G$45"))<>""),(INDIRECT("'"&$B2&"'!$G$29:$G$45"))),"NO DISPONIBLE")} -> FUNCIONAL | Q2: N/A | R2: {=IF(IF(MAX((IFERROR((ROW(INDIRECT("'"&$B2&"'!$F$29:$F$45"))-ROW(INDIRECT("'"&$B2&"'!$F$29"))+1)/--(IF(INDIRECT("'"&$B2&"'!$F$29:$F$45")<>"",1,0)),0))-(IFERROR((ROW(INDIRECT("'"&$B2&"'!$F$29:$F$45"))-ROW(INDIRECT("'"&$B2&"'!$F$29"))+1)/--(FIND("VERIFICACIÓN: ", INDIRECT("'"&$B2&"'!$F$29:$F$45"))),0)))<>0,INDEX(INDIRECT("'"&$B2&"'!$A$29:$G$45"),MAX((IFERROR((ROW(INDIRECT("'"&$B2&"'!$F$29:$F$45"))-ROW(INDIRECT("'"&$B2&"'!$F$29"))+1)/--(IF(INDIRECT("'"&$B2&"'!$F$29:$F$45")<>"",1,0)),0))-(IFERROR((ROW(INDIRECT("'"&$B2&"'!$F$29:$F$45"))-ROW(INDIRECT("'"&$B2&"'!$F$29"))+1)/--(FIND("VERIFICACIÓN: ", INDIRECT("'"&$B2&"'!$F$29:$F$45"))),0))),1),0)>IF(MAX(IFERROR((_xlfn._xlws.FILTER((ROW(INDIRECT("'"&$B2&"'!$E$29:$E$45"))-ROW(INDIRECT("'"&$B2&"'!$E$29"))+1)/--(IF(INDIRECT("'"&$B2&"'!$E$29:$E$45")<>"",1,0)), NOT(ISNUMBER(MATCH((ROW(INDIRECT("'"&$B2&"'!$E$29:$E$45"))-ROW(INDIRECT("'"&$B2&"'!$E$29"))+1)/--(IF(INDIRECT("'"&$B2&"'!$E$29:$E$45")<>"",1,0)), (ROW(INDIRECT("'"&$B2&"'!$E$29:$E$45"))-ROW(INDIRECT("'"&$B2&"'!$E$29"))+1)/--(FIND("VERIFICACIÓN: ", INDIRECT("'"&$B2&"'!$E$29:$E$45"))), 0))))),0))<>0,INDEX(INDIRECT("'"&$B2&"'!$A$29:$G$45"),MAX((IFERROR((ROW(INDIRECT("'"&$B2&"'!$E$29:$E$45"))-ROW(INDIRECT("'"&$B2&"'!$E$29"))+1)/--(IF(INDIRECT("'"&$B2&"'!$E$29:$E$45")<>"",1,0)),0))-(IFERROR((ROW(INDIRECT("'"&$B2&"'!$E$29:$E$45"))-ROW(INDIRECT("'"&$B2&"'!$E$29"))+1)/--(FIND("VERIFICACIÓN: ", INDIRECT("'"&$B2&"'!$E$29:$E$45"))),0))),1),0),IF(MAX((IFERROR((ROW(INDIRECT("'"&$B2&"'!$F$29:$F$45"))-ROW(INDIRECT("'"&$B2&"'!$F$29"))+1)/--(IF(INDIRECT("'"&$B2&"'!$F$29:$F$45")<>"",1,0)),0))-(IFERROR((ROW(INDIRECT("'"&$B2&"'!$F$29:$F$45"))-ROW(INDIRECT("'"&$B2&"'!$F$29"))+1)/--(FIND("VERIFICACIÓN: ", INDIRECT("'"&$B2&"'!$F$29:$F$45"))),0)))<>0,INDEX(INDIRECT("'"&$B2&"'!$A$29:$G$45"),MAX((IFERROR((ROW(INDIRECT("'"&$B2&"'!$F$29:$F$45"))-ROW(INDIRECT("'"&$B2&"'!$F$29"))+1)/--(IF(INDIRECT("'"&$B2&"'!$F$29:$F$45")<>"",1,0)),0))-(IFERROR((ROW(INDIRECT("'"&$B2&"'!$F$29:$F$45"))-ROW(INDIRECT("'"&$B2&"'!$F$29"))+1)/--(FIND("VERIFICACIÓN: ", INDIRECT("'"&$B2&"'!$F$29:$F$45"))),0))),1),0),IF(MAX(IFERROR((_xlfn._xlws.FILTER((ROW(INDIRECT("'"&$B2&"'!$E$29:$E$45"))-ROW(INDIRECT("'"&$B2&"'!$E$29"))+1)/--(IF(INDIRECT("'"&$B2&"'!$E$29:$E$45")<>"",1,0)), NOT(ISNUMBER(MATCH((ROW(INDIRECT("'"&$B2&"'!$E$29:$E$45"))-ROW(INDIRECT("'"&$B2&"'!$E$29"))+1)/--(IF(INDIRECT("'"&$B2&"'!$E$29:$E$45")<>"",1,0)), (ROW(INDIRECT("'"&$B2&"'!$E$29:$E$45"))-ROW(INDIRECT("'"&$B2&"'!$E$29"))+1)/--(FIND("VERIFICACIÓN: ", INDIRECT("'"&$B2&"'!$E$29:$E$45"))), 0))))),0))<>0,INDEX(INDIRECT("'"&$B2&"'!$A$29:$G$45"),MAX((IFERROR((ROW(INDIRECT("'"&$B2&"'!$E$29:$E$45"))-ROW(INDIRECT("'"&$B2&"'!$E$29"))+1)/--(IF(INDIRECT("'"&$B2&"'!$E$29:$E$45")<>"",1,0)),0))-(IFERROR((ROW(INDIRECT("'"&$B2&"'!$E$29:$E$45"))-ROW(INDIRECT("'"&$B2&"'!$E$29"))+1)/--(FIND("VERIFICACIÓN: ", INDIRECT("'"&$B2&"'!$E$29:$E$45"))),0))),1),0))} -> 0 | S2: No aplica | T2: {=IF(IF(MAX((IFERROR((ROW(INDIRECT("'"&$B2&"'!$F$29:$F$45"))-ROW(INDIRECT("'"&$B2&"'!$F$29"))+1)/--(IF(INDIRECT("'"&$B2&"'!$F$29:$F$45")<>"",1,0)),0))-(IFERROR((ROW(INDIRECT("'"&$B2&"'!$F$29:$F$45"))-ROW(INDIRECT("'"&$B2&"'!$F$29"))+1)/--(FIND("VERIFICACIÓN: ", INDIRECT("'"&$B2&"'!$F$29:$F$45"))),0)))<>0,INDEX(INDIRECT("'"&$B2&"'!$A$29:$G$45"),MAX((IFERROR((ROW(INDIRECT("'"&$B2&"'!$F$29:$F$45"))-ROW(INDIRECT("'"&$B2&"'!$F$29"))+1)/--(IF(INDIRECT("'"&$B2&"'!$F$29:$F$45")<>"",1,0)),0))-(IFERROR((ROW(INDIRECT("'"&$B2&"'!$F$29:$F$45"))-ROW(INDIRECT("'"&$B2&"'!$F$29"))+1)/--(FIND("VERIFICACIÓN: ", INDIRECT("'"&$B2&"'!$F$29:$F$45"))),0))),1),0)>IF(MAX(IFERROR((_xlfn._xlws.FILTER((ROW(INDIRECT("'"&$B2&"'!$E$29:$E$45"))-ROW(INDIRECT("'"&$B2&"'!$E$29"))+1)/--(IF(INDIRECT("'"&$B2&"'!$E$29:$E$45")<>"",1,0)), NOT(ISNUMBER(MATCH((ROW(INDIRECT("'"&$B2&"'!$E$29:$E$45"))-ROW(INDIRECT("'"&$B2&"'!$E$29"))+1)/--(IF(INDIRECT("'"&$B2&"'!$E$29:$E$45")<>"",1,0)), (ROW(INDIRECT("'"&$B2&"'!$E$29:$E$45"))-ROW(INDIRECT("'"&$B2&"'!$E$29"))+1)/--(FIND("VERIFICACIÓN: ", INDIRECT("'"&$B2&"'!$E$29:$E$45"))), 0))))),0))<>0,INDEX(INDIRECT("'"&$B2&"'!$A$29:$G$45"),MAX((IFERROR((ROW(INDIRECT("'"&$B2&"'!$E$29:$E$45"))-ROW(INDIRECT("'"&$B2&"'!$E$29"))+1)/--(IF(INDIRECT("'"&$B2&"'!$E$29:$E$45")<>"",1,0)),0))-(IFERROR((ROW(INDIRECT("'"&$B2&"'!$E$29:$E$45"))-ROW(INDIRECT("'"&$B2&"'!$E$29"))+1)/--(FIND("VERIFICACIÓN: ", INDIRECT("'"&$B2&"'!$E$29:$E$45"))),0))),1),0),IF(MAX((IFERROR((ROW(INDIRECT("'"&$B2&"'!$F$29:$F$45"))-ROW(INDIRECT("'"&$B2&"'!$F$29"))+1)/--(IF(INDIRECT("'"&$B2&"'!$F$29:$F$45")<>"",1,0)),0))-(IFERROR((ROW(INDIRECT("'"&$B2&"'!$F$29:$F$45"))-ROW(INDIRECT("'"&$B2&"'!$F$29"))+1)/--(FIND("VERIFICACIÓN: ", INDIRECT("'"&$B2&"'!$F$29:$F$45"))),0)))<>0,INDEX(INDIRECT("'"&$B2&"'!$A$29:$G$45"),MAX((IFERROR((ROW(INDIRECT("'"&$B2&"'!$F$29:$F$45"))-ROW(INDIRECT("'"&$B2&"'!$F$29"))+1)/--(IF(INDIRECT("'"&$B2&"'!$F$29:$F$45")<>"",1,0)),0))-(IFERROR((ROW(INDIRECT("'"&$B2&"'!$F$29:$F$45"))-ROW(INDIRECT("'"&$B2&"'!$F$29"))+1)/--(FIND("VERIFICACIÓN: ", INDIRECT("'"&$B2&"'!$F$29:$F$45"))),0))),6),"NO DISPONIBLE"),IF(MAX(IFERROR((_xlfn._xlws.FILTER((ROW(INDIRECT("'"&$B2&"'!$E$29:$E$45"))-ROW(INDIRECT("'"&$B2&"'!$E$29"))+1)/--(IF(INDIRECT("'"&$B2&"'!$E$29:$E$45")<>"",1,0)), NOT(ISNUMBER(MATCH((ROW(INDIRECT("'"&$B2&"'!$E$29:$E$45"))-ROW(INDIRECT("'"&$B2&"'!$E$29"))+1)/--(IF(INDIRECT("'"&$B2&"'!$E$29:$E$45")<>"",1,0)), (ROW(INDIRECT("'"&$B2&"'!$E$29:$E$45"))-ROW(INDIRECT("'"&$B2&"'!$E$29"))+1)/--(FIND("VERIFICACIÓN: ", INDIRECT("'"&$B2&"'!$E$29:$E$45"))), 0))))),0))<>0,INDEX(INDIRECT("'"&$B2&"'!$A$29:$G$45"),MAX((IFERROR((ROW(INDIRECT("'"&$B2&"'!$E$29:$E$45"))-ROW(INDIRECT("'"&$B2&"'!$E$29"))+1)/--(IF(INDIRECT("'"&$B2&"'!$E$29:$E$45")<>"",1,0)),0))-(IFERROR((ROW(INDIRECT("'"&$B2&"'!$E$29:$E$45"))-ROW(INDIRECT("'"&$B2&"'!$E$29"))+1)/--(FIND("VERIFICACIÓN: ", INDIRECT("'"&$B2&"'!$E$29:$E$45"))),0))),5),"NO DISPONIBLE"))} -> NO DISPONIBLE | U2: N/A | V2: {=IF((IFERROR(VLOOKUP(IFERROR(LOOKUP(2,1/((INDIRECT("'"&$B2&"'!$F$29:$F$45"))<>""),(INDIRECT("'"&$B2&"'!$F$29:$F$45"))),"NO DISPONIBLE"),CHOOSE({1,2},(INDIRECT("'"&$B2&"'!$F$29:$F$45")),(INDIRECT("'"&$B2&"'!$A$29:$A$45"))),2,0),0))>(IFERROR(VLOOKUP(IFERROR(LOOKUP(2,1/((INDIRECT("'"&$B2&"'!$E$29:$E$45"))<>""),(INDIRECT("'"&$B2&"'!$E$29:$E$45"))),"NO DISPONIBLE"),CHOOSE({1,2},(INDIRECT("'"&$B2&"'!$E$29:$E$45")),(INDIRECT("'"&$B2&"'!$A$29:$A$45"))),2,0),0)),(IFERROR(VLOOKUP(IFERROR(LOOKUP(2,1/((INDIRECT("'"&$B2&"'!$F$29:$F$45"))<>""),(INDIRECT("'"&$B2&"'!$F$29:$F$45"))),"NO DISPONIBLE"),CHOOSE({1,2},(INDIRECT("'"&$B2&"'!$F$29:$F$45")),(INDIRECT("'"&$B2&"'!$A$29:$A$45"))),2,0),0)),(IFERROR(VLOOKUP(IFERROR(LOOKUP(2,1/((INDIRECT("'"&$B2&"'!$E$29:$E$45"))<>""),(INDIRECT("'"&$B2&"'!$E$29:$E$45"))),"NO DISPONIBLE"),CHOOSE({1,2},(INDIRECT("'"&$B2&"'!$E$29:$E$45")),(INDIRECT("'"&$B2&"'!$A$29:$A$45"))),2,0),0)))} -> 0 | W2: No aplica | X2: {=IF((IFERROR(VLOOKUP(IFERROR(LOOKUP(2,1/((INDIRECT("'"&$B2&"'!$E$29:$E$45"))<>""),(INDIRECT("'"&$B2&"'!$E$29:$E$45"))),"NO DISPONIBLE"),CHOOSE({1,2},(INDIRECT("'"&$B2&"'!$E$29:$E$45")),(INDIRECT("'"&$B2&"'!$A$29:$A$45"))),2,0),0))>(IFERROR(VLOOKUP(IFERROR(LOOKUP(2,1/((INDIRECT("'"&$B2&"'!$F$29:$F$45"))<>""),(INDIRECT("'"&$B2&"'!$F$29:$F$45"))),"NO DISPONIBLE"),CHOOSE({1,2},(INDIRECT("'"&$B2&"'!$F$29:$F$45")),(INDIRECT("'"&$B2&"'!$A$29:$A$45"))),2,0),0)),IFERROR(LOOKUP(2,1/((INDIRECT("'"&$B2&"'!$E$29:$E$45"))<>""),(INDIRECT("'"&$B2&"'!$E$29:$E$45"))),"NO DISPONIBLE"),IFERROR(LOOKUP(2,1/((INDIRECT("'"&$B2&"'!$F$29:$F$45"))<>""),(INDIRECT("'"&$B2&"'!$F$29:$F$45"))),"NO DISPONIBLE"))} -> NO DISPONIBLE | Y2: N/A | Z2: {=IF((IFERROR(VLOOKUP(IFERROR(LOOKUP(2,1/((INDIRECT("'"&$B2&"'!$D$29:$D$45"))<>""),(INDIRECT("'"&$B2&"'!$D$29:$D$45"))),"NO DISPONIBLE"),CHOOSE({1,2},(INDIRECT("'"&$B2&"'!$D$29:$D$45")),(INDIRECT("'"&$B2&"'!$A$29:$A$45"))),2,0),0))>(IFERROR(VLOOKUP(IFERROR(LOOKUP(2,1/((INDIRECT("'"&$B2&"'!$C$29:$C$45"))<>""),(INDIRECT("'"&$B2&"'!$C$29:$C$45"))),"NO DISPONIBLE"),CHOOSE({1,2},(INDIRECT("'"&$B2&"'!$C$29:$C$45")),(INDIRECT("'"&$B2&"'!$A$29:$A$45"))),2,0),0)),(IFERROR(VLOOKUP(IFERROR(LOOKUP(2,1/((INDIRECT("'"&$B2&"'!$D$29:$D$45"))<>""),(INDIRECT("'"&$B2&"'!$D$29:$D$45"))),"NO DISPONIBLE"),CHOOSE({1,2},(INDIRECT("'"&$B2&"'!$D$29:$D$45")),(INDIRECT("'"&$B2&"'!$A$29:$A$45"))),2,0),0)),(IFERROR(VLOOKUP(IFERROR(LOOKUP(2,1/((INDIRECT("'"&$B2&"'!$C$29:$C$45"))<>""),(INDIRECT("'"&$B2&"'!$C$29:$C$45"))),"NO DISPONIBLE"),CHOOSE({1,2},(INDIRECT("'"&$B2&"'!$C$29:$C$45")),(INDIRECT("'"&$B2&"'!$A$29:$A$45"))),2,0),0)))} -> 0 | AA2: No aplica | AB2: {=IF((IFERROR(VLOOKUP(IFERROR(LOOKUP(2,1/((INDIRECT("'"&$B2&"'!$C$29:$C$45"))<>""),(INDIRECT("'"&$B2&"'!$C$29:$C$45"))),"NO DISPONIBLE"),CHOOSE({1,2},(INDIRECT("'"&$B2&"'!$C$29:$C$45")),(INDIRECT("'"&$B2&"'!$A$29:$A$45"))),2,0),0))>(IFERROR(VLOOKUP(IFERROR(LOOKUP(2,1/((INDIRECT("'"&$B2&"'!$D$29:$D$45"))<>""),(INDIRECT("'"&$B2&"'!$D$29:$D$45"))),"NO DISPONIBLE"),CHOOSE({1,2},(INDIRECT("'"&$B2&"'!$D$29:$D$45")),(INDIRECT("'"&$B2&"'!$A$29:$A$45"))),2,0),0)),IFERROR(LOOKUP(2,1/((INDIRECT("'"&$B2&"'!$C$29:$C$45"))<>""),(INDIRECT("'"&$B2&"'!$C$29:$C$45"))),"NO DISPONIBLE"),IFERROR(LOOKUP(2,1/((INDIRECT("'"&$B2&"'!$D$29:$D$45"))<>""),(INDIRECT("'"&$B2&"'!$D$29:$D$45"))),"NO DISPONIBLE"))} -> NO DISPONIBLE | AC2: ASEGURAMIENTO
A3: MJM-002 | B3: {=INDIRECT("'"&$B3&"'!$A$6")} -> MASA PATRÓN | C3: {=INDIRECT("'"&$B3&"'!$G$14")} -> TRUMAX | D3: {=INDIRECT("'"&$B3&"'!$G$15")} -> M1 | E3: {=INDIRECT("'"&$B3&"'!$G$16")} -> AG210688 | F3: LABORATORIO 1 | G3: OPERATIVO | H3: {=INDIRECT("'"&$B3&"'!$G$11")} -> MASA | I3: BAJA | J3: {=INDIRECT("'"&$B3&"'!$G$21")} -> 100 g | K3: {=INDIRECT("'"&$B3&"'!$G$22")} -> 100 g | L3: {=INDIRECT("'"&$B3&"'!$G$23")} -> N/A | N3: {=INDIRECT("'"&$B3&"'!$G$22")} -> 100 g | P3: {=IFERROR(LOOKUP(2,1/((INDIRECT("'"&$B3&"'!$G$29:$G$45"))<>""),(INDIRECT("'"&$B3&"'!$G$29:$G$45"))),"NO DISPONIBLE")} -> FUNCIONAL | Q3: N/A | R3: {=IF(IF(MAX((IFERROR((ROW(INDIRECT("'"&$B3&"'!$F$29:$F$45"))-ROW(INDIRECT("'"&$B3&"'!$F$29"))+1)/--(IF(INDIRECT("'"&$B3&"'!$F$29:$F$45")<>"",1,0)),0))-(IFERROR((ROW(INDIRECT("'"&$B3&"'!$F$29:$F$45"))-ROW(INDIRECT("'"&$B3&"'!$F$29"))+1)/--(FIND("VERIFICACIÓN: ", INDIRECT("'"&$B3&"'!$F$29:$F$45"))),0)))<>0,INDEX(INDIRECT("'"&$B3&"'!$A$29:$G$45"),MAX((IFERROR((ROW(INDIRECT("'"&$B3&"'!$F$29:$F$45"))-ROW(INDIRECT("'"&$B3&"'!$F$29"))+1)/--(IF(INDIRECT("'"&$B3&"'!$F$29:$F$45")<>"",1,0)),0))-(IFERROR((ROW(INDIRECT("'"&$B3&"'!$F$29:$F$45"))-ROW(INDIRECT("'"&$B3&"'!$F$29"))+1)/--(FIND("VERIFICACIÓN: ", INDIRECT("'"&$B3&"'!$F$29:$F$45"))),0))),1),0)>IF(MAX(IFERROR((_xlfn._xlws.FILTER((ROW(INDIRECT("'"&$B3&"'!$E$29:$E$45"))-ROW(INDIRECT("'"&$B3&"'!$E$29"))+1)/--(IF(INDIRECT("'"&$B3&"'!$E$29:$E$45")<>"",1,0)), NOT(ISNUMBER(MATCH((ROW(INDIRECT("'"&$B3&"'!$E$29:$E$45"))-ROW(INDIRECT("'"&$B3&"'!$E$29"))+1)/--(IF(INDIRECT("'"&$B3&"'!$E$29:$E$45")<>"",1,0)), (ROW(INDIRECT("'"&$B3&"'!$E$29:$E$45"))-ROW(INDIRECT("'"&$B3&"'!$E$29"))+1)/--(FIND("VERIFICACIÓN: ", INDIRECT("'"&$B3&"'!$E$29:$E$45"))), 0))))),0))<>0,INDEX(INDIRECT("'"&$B3&"'!$A$29:$G$45"),MAX((IFERROR((ROW(INDIRECT("'"&$B3&"'!$E$29:$E$45"))-ROW(INDIRECT("'"&$B3&"'!$E$29"))+1)/--(IF(INDIRECT("'"&$B3&"'!$E$29:$E$45")<>"",1,0)),0))-(IFERROR((ROW(INDIRECT("'"&$B3&"'!$E$29:$E$45"))-ROW(INDIRECT("'"&$B3&"'!$E$29"))+1)/--(FIND("VERIFICACIÓN: ", INDIRECT("'"&$B3&"'!$E$29:$E$45"))),0))),1),0),IF(MAX((IFERROR((ROW(INDIRECT("'"&$B3&"'!$F$29:$F$45"))-ROW(INDIRECT("'"&$B3&"'!$F$29"))+1)/--(IF(INDIRECT("'"&$B3&"'!$F$29:$F$45")<>"",1,0)),0))-(IFERROR((ROW(INDIRECT("'"&$B3&"'!$F$29:$F$45"))-ROW(INDIRECT("'"&$B3&"'!$F$29"))+1)/--(FIND("VERIFICACIÓN: ", INDIRECT("'"&$B3&"'!$F$29:$F$45"))),0)))<>0,INDEX(INDIRECT("'"&$B3&"'!$A$29:$G$45"),MAX((IFERROR((ROW(INDIRECT("'"&$B3&"'!$F$29:$F$45"))-ROW(INDIRECT("'"&$B3&"'!$F$29"))+1)/--(IF(INDIRECT("'"&$B3&"'!$F$29:$F$45")<>"",1,0)),0))-(IFERROR((ROW(INDIRECT("'"&$B3&"'!$F$29:$F$45"))-ROW(INDIRECT("'"&$B3&"'!$F$29"))+1)/--(FIND("VERIFICACIÓN: ", INDIRECT("'"&$B3&"'!$F$29:$F$45"))),0))),1),0),IF(MAX(IFERROR((_xlfn._xlws.FILTER((ROW(INDIRECT("'"&$B3&"'!$E$29:$E$45"))-ROW(INDIRECT("'"&$B3&"'!$E$29"))+1)/--(IF(INDIRECT("'"&$B3&"'!$E$29:$E$45")<>"",1,0)), NOT(ISNUMBER(MATCH((ROW(INDIRECT("'"&$B3&"'!$E$29:$E$45"))-ROW(INDIRECT("'"&$B3&"'!$E$29"))+1)/--(IF(INDIRECT("'"&$B3&"'!$E$29:$E$45")<>"",1,0)), (ROW(INDIRECT("'"&$B3&"'!$E$29:$E$45"))-ROW(INDIRECT("'"&$B3&"'!$E$29"))+1)/--(FIND("VERIFICACIÓN: ", INDIRECT("'"&$B3&"'!$E$29:$E$45"))), 0))))),0))<>0,INDEX(INDIRECT("'"&$B3&"'!$A$29:$G$45"),MAX((IFERROR((ROW(INDIRECT("'"&$B3&"'!$E$29:$E$45"))-ROW(INDIRECT("'"&$B3&"'!$E$29"))+1)/--(IF(INDIRECT("'"&$B3&"'!$E$29:$E$45")<>"",1,0)),0))-(IFERROR((ROW(INDIRECT("'"&$B3&"'!$E$29:$E$45"))-ROW(INDIRECT("'"&$B3&"'!$E$29"))+1)/--(FIND("VERIFICACIÓN: ", INDIRECT("'"&$B3&"'!$E$29:$E$45"))),0))),1),0))} -> 0 | S3: No aplica | T3: {=IF(IF(MAX((IFERROR((ROW(INDIRECT("'"&$B3&"'!$F$29:$F$45"))-ROW(INDIRECT("'"&$B3&"'!$F$29"))+1)/--(IF(INDIRECT("'"&$B3&"'!$F$29:$F$45")<>"",1,0)),0))-(IFERROR((ROW(INDIRECT("'"&$B3&"'!$F$29:$F$45"))-ROW(INDIRECT("'"&$B3&"'!$F$29"))+1)/--(FIND("VERIFICACIÓN: ", INDIRECT("'"&$B3&"'!$F$29:$F$45"))),0)))<>0,INDEX(INDIRECT("'"&$B3&"'!$A$29:$G$45"),MAX((IFERROR((ROW(INDIRECT("'"&$B3&"'!$F$29:$F$45"))-ROW(INDIRECT("'"&$B3&"'!$F$29"))+1)/--(IF(INDIRECT("'"&$B3&"'!$F$29:$F$45")<>"",1,0)),0))-(IFERROR((ROW(INDIRECT("'"&$B3&"'!$F$29:$F$45"))-ROW(INDIRECT("'"&$B3&"'!$F$29"))+1)/--(FIND("VERIFICACIÓN: ", INDIRECT("'"&$B3&"'!$F$29:$F$45"))),0))),1),0)>IF(MAX(IFERROR((_xlfn._xlws.FILTER((ROW(INDIRECT("'"&$B3&"'!$E$29:$E$45"))-ROW(INDIRECT("'"&$B3&"'!$E$29"))+1)/--(IF(INDIRECT("'"&$B3&"'!$E$29:$E$45")<>"",1,0)), NOT(ISNUMBER(MATCH((ROW(INDIRECT("'"&$B3&"'!$E$29:$E$45"))-ROW(INDIRECT("'"&$B3&"'!$E$29"))+1)/--(IF(INDIRECT("'"&$B3&"'!$E$29:$E$45")<>"",1,0)), (ROW(INDIRECT("'"&$B3&"'!$E$29:$E$45"))-ROW(INDIRECT("'"&$B3&"'!$E$29"))+1)/--(FIND("VERIFICACIÓN: ", INDIRECT("'"&$B3&"'!$E$29:$E$45"))), 0))))),0))<>0,INDEX(INDIRECT("'"&$B3&"'!$A$29:$G$45"),MAX((IFERROR((ROW(INDIRECT("'"&$B3&"'!$E$29:$E$45"))-ROW(INDIRECT("'"&$B3&"'!$E$29"))+1)/--(IF(INDIRECT("'"&$B3&"'!$E$29:$E$45")<>"",1,0)),0))-(IFERROR((ROW(INDIRECT("'"&$B3&"'!$E$29:$E$45"))-ROW(INDIRECT("'"&$B3&"'!$E$29"))+1)/--(FIND("VERIFICACIÓN: ", INDIRECT("'"&$B3&"'!$E$29:$E$45"))),0))),1),0),IF(MAX((IFERROR((ROW(INDIRECT("'"&$B3&"'!$F$29:$F$45"))-ROW(INDIRECT("'"&$B3&"'!$F$29"))+1)/--(IF(INDIRECT("'"&$B3&"'!$F$29:$F$45")<>"",1,0)),0))-(IFERROR((ROW(INDIRECT("'"&$B3&"'!$F$29:$F$45"))-ROW(INDIRECT("'"&$B3&"'!$F$29"))+1)/--(FIND("VERIFICACIÓN: ", INDIRECT("'"&$B3&"'!$F$29:$F$45"))),0)))<>0,INDEX(INDIRECT("'"&$B3&"'!$A$29:$G$45"),MAX((IFERROR((ROW(INDIRECT("'"&$B3&"'!$F$29:$F$45"))-ROW(INDIRECT("'"&$B3&"'!$F$29"))+1)/--(IF(INDIRECT("'"&$B3&"'!$F$29:$F$45")<>"",1,0)),0))-(IFERROR((ROW(INDIRECT("'"&$B3&"'!$F$29:$F$45"))-ROW(INDIRECT("'"&$B3&"'!$F$29"))+1)/--(FIND("VERIFICACIÓN: ", INDIRECT("'"&$B3&"'!$F$29:$F$45"))),0))),6),"NO DISPONIBLE"),IF(MAX(IFERROR((_xlfn._xlws.FILTER((ROW(INDIRECT("'"&$B3&"'!$E$29:$E$45"))-ROW(INDIRECT("'"&$B3&"'!$E$29"))+1)/--(IF(INDIRECT("'"&$B3&"'!$E$29:$E$45")<>"",1,0)), NOT(ISNUMBER(MATCH((ROW(INDIRECT("'"&$B3&"'!$E$29:$E$45"))-ROW(INDIRECT("'"&$B3&"'!$E$29"))+1)/--(IF(INDIRECT("'"&$B3&"'!$E$29:$E$45")<>"",1,0)), (ROW(INDIRECT("'"&$B3&"'!$E$29:$E$45"))-ROW(INDIRECT("'"&$B3&"'!$E$29"))+1)/--(FIND("VERIFICACIÓN: ", INDIRECT("'"&$B3&"'!$E$29:$E$45"))), 0))))),0))<>0,INDEX(INDIRECT("'"&$B3&"'!$A$29:$G$45"),MAX((IFERROR((ROW(INDIRECT("'"&$B3&"'!$E$29:$E$45"))-ROW(INDIRECT("'"&$B3&"'!$E$29"))+1)/--(IF(INDIRECT("'"&$B3&"'!$E$29:$E$45")<>"",1,0)),0))-(IFERROR((ROW(INDIRECT("'"&$B3&"'!$E$29:$E$45"))-ROW(INDIRECT("'"&$B3&"'!$E$29"))+1)/--(FIND("VERIFICACIÓN: ", INDIRECT("'"&$B3&"'!$E$29:$E$45"))),0))),5),"NO DISPONIBLE"))} -> NO DISPONIBLE | U3: N/A | V3: {=IF((IFERROR(VLOOKUP(IFERROR(LOOKUP(2,1/((INDIRECT("'"&$B3&"'!$F$29:$F$45"))<>""),(INDIRECT("'"&$B3&"'!$F$29:$F$45"))),"NO DISPONIBLE"),CHOOSE({1,2},(INDIRECT("'"&$B3&"'!$F$29:$F$45")),(INDIRECT("'"&$B3&"'!$A$29:$A$45"))),2,0),0))>(IFERROR(VLOOKUP(IFERROR(LOOKUP(2,1/((INDIRECT("'"&$B3&"'!$E$29:$E$45"))<>""),(INDIRECT("'"&$B3&"'!$E$29:$E$45"))),"NO DISPONIBLE"),CHOOSE({1,2},(INDIRECT("'"&$B3&"'!$E$29:$E$45")),(INDIRECT("'"&$B3&"'!$A$29:$A$45"))),2,0),0)),(IFERROR(VLOOKUP(IFERROR(LOOKUP(2,1/((INDIRECT("'"&$B3&"'!$F$29:$F$45"))<>""),(INDIRECT("'"&$B3&"'!$F$29:$F$45"))),"NO DISPONIBLE"),CHOOSE({1,2},(INDIRECT("'"&$B3&"'!$F$29:$F$45")),(INDIRECT("'"&$B3&"'!$A$29:$A$45"))),2,0),0)),(IFERROR(VLOOKUP(IFERROR(LOOKUP(2,1/((INDIRECT("'"&$B3&"'!$E$29:$E$45"))<>""),(INDIRECT("'"&$B3&"'!$E$29:$E$45"))),"NO DISPONIBLE"),CHOOSE({1,2},(INDIRECT("'"&$B3&"'!$E$29:$E$45")),(INDIRECT("'"&$B3&"'!$A$29:$A$45"))),2,0),0)))} -> 0 | W3: No aplica | X3: {=IF((IFERROR(VLOOKUP(IFERROR(LOOKUP(2,1/((INDIRECT("'"&$B3&"'!$E$29:$E$45"))<>""),(INDIRECT("'"&$B3&"'!$E$29:$E$45"))),"NO DISPONIBLE"),CHOOSE({1,2},(INDIRECT("'"&$B3&"'!$E$29:$E$45")),(INDIRECT("'"&$B3&"'!$A$29:$A$45"))),2,0),0))>(IFERROR(VLOOKUP(IFERROR(LOOKUP(2,1/((INDIRECT("'"&$B3&"'!$F$29:$F$45"))<>""),(INDIRECT("'"&$B3&"'!$F$29:$F$45"))),"NO DISPONIBLE"),CHOOSE({1,2},(INDIRECT("'"&$B3&"'!$F$29:$F$45")),(INDIRECT("'"&$B3&"'!$A$29:$A$45"))),2,0),0)),IFERROR(LOOKUP(2,1/((INDIRECT("'"&$B3&"'!$E$29:$E$45"))<>""),(INDIRECT("'"&$B3&"'!$E$29:$E$45"))),"NO DISPONIBLE"),IFERROR(LOOKUP(2,1/((INDIRECT("'"&$B3&"'!$F$29:$F$45"))<>""),(INDIRECT("'"&$B3&"'!$F$29:$F$45"))),"NO DISPONIBLE"))} -> NO DISPONIBLE | Y3: N/A | Z3: {=IF((IFERROR(VLOOKUP(IFERROR(LOOKUP(2,1/((INDIRECT("'"&$B3&"'!$D$29:$D$45"))<>""),(INDIRECT("'"&$B3&"'!$D$29:$D$45"))),"NO DISPONIBLE"),CHOOSE({1,2},(INDIRECT("'"&$B3&"'!$D$29:$D$45")),(INDIRECT("'"&$B3&"'!$A$29:$A$45"))),2,0),0))>(IFERROR(VLOOKUP(IFERROR(LOOKUP(2,1/((INDIRECT("'"&$B3&"'!$C$29:$C$45"))<>""),(INDIRECT("'"&$B3&"'!$C$29:$C$45"))),"NO DISPONIBLE"),CHOOSE({1,2},(INDIRECT("'"&$B3&"'!$C$29:$C$45")),(INDIRECT("'"&$B3&"'!$A$29:$A$45"))),2,0),0)),(IFERROR(VLOOKUP(IFERROR(LOOKUP(2,1/((INDIRECT("'"&$B3&"'!$D$29:$D$45"))<>""),(INDIRECT("'"&$B3&"'!$D$29:$D$45"))),"NO DISPONIBLE"),CHOOSE({1,2},(INDIRECT("'"&$B3&"'!$D$29:$D$45")),(INDIRECT("'"&$B3&"'!$A$29:$A$45"))),2,0),0)),(IFERROR(VLOOKUP(IFERROR(LOOKUP(2,1/((INDIRECT("'"&$B3&"'!$C$29:$C$45"))<>""),(INDIRECT("'"&$B3&"'!$C$29:$C$45"))),"NO DISPONIBLE"),CHOOSE({1,2},(INDIRECT("'"&$B3&"'!$C$29:$C$45")),(INDIRECT("'"&$B3&"'!$A$29:$A$45"))),2,0),0)))} -> 0 | AA3: No aplica | AB3: {=IF((IFERROR(VLOOKUP(IFERROR(LOOKUP(2,1/((INDIRECT("'"&$B3&"'!$C$29:$C$45"))<>""),(INDIRECT("'"&$B3&"'!$C$29:$C$45"))),"NO DISPONIBLE"),CHOOSE({1,2},(INDIRECT("'"&$B3&"'!$C$29:$C$45")),(INDIRECT("'"&$B3&"'!$A$29:$A$45"))),2,0),0))>(IFERROR(VLOOKUP(IFERROR(LOOKUP(2,1/((INDIRECT("'"&$B3&"'!$D$29:$D$45"))<>""),(INDIRECT("'"&$B3&"'!$D$29:$D$45"))),"NO DISPONIBLE"),CHOOSE({1,2},(INDIRECT("'"&$B3&"'!$D$29:$D$45")),(INDIRECT("'"&$B3&"'!$A$29:$A$45"))),2,0),0)),IFERROR(LOOKUP(2,1/((INDIRECT("'"&$B3&"'!$C$29:$C$45"))<>""),(INDIRECT("'"&$B3&"'!$C$29:$C$45"))),"NO DISPONIBLE"),IFERROR(LOOKUP(2,1/((INDIRECT("'"&$B3&"'!$D$29:$D$45"))<>""),(INDIRECT("'"&$B3&"'!$D$29:$D$45"))),"NO DISPONIBLE"))} -> NO DISPONIBLE | AC3: ASEGURAMIENTO
A4: MJM-003 | B4: {=INDIRECT("'"&$B4&"'!$A$6")} -> MASA PATRÓN | C4: {=INDIRECT("'"&$B4&"'!$G$14")} -> TRUMAX | D4: {=INDIRECT("'"&$B4&"'!$G$15")} -> M1 | E4: {=INDIRECT("'"&$B4&"'!$G$16")} -> AG210753 | F4: LABORATORIO 1 | G4: OPERATIVO | H4: {=INDIRECT("'"&$B4&"'!$G$11")} -> MASA | I4: BAJA | J4: {=INDIRECT("'"&$B4&"'!$G$21")} -> 500 g | K4: {=INDIRECT("'"&$B4&"'!$G$22")} -> 500 g | L4: {=INDIRECT("'"&$B4&"'!$G$23")} -> N/A | N4: {=INDIRECT("'"&$B4&"'!$G$22")} -> 500 g | P4: {=IFERROR(LOOKUP(2,1/((INDIRECT("'"&$B4&"'!$G$29:$G$45"))<>""),(INDIRECT("'"&$B4&"'!$G$29:$G$45"))),"NO DISPONIBLE")} -> FUNCIONAL | Q4: N/A | R4: {=IF(IF(MAX((IFERROR((ROW(INDIRECT("'"&$B4&"'!$F$29:$F$45"))-ROW(INDIRECT("'"&$B4&"'!$F$29"))+1)/--(IF(INDIRECT("'"&$B4&"'!$F$29:$F$45")<>"",1,0)),0))-(IFERROR((ROW(INDIRECT("'"&$B4&"'!$F$29:$F$45"))-ROW(INDIRECT("'"&$B4&"'!$F$29"))+1)/--(FIND("VERIFICACIÓN: ", INDIRECT("'"&$B4&"'!$F$29:$F$45"))),0)))<>0,INDEX(INDIRECT("'"&$B4&"'!$A$29:$G$45"),MAX((IFERROR((ROW(INDIRECT("'"&$B4&"'!$F$29:$F$45"))-ROW(INDIRECT("'"&$B4&"'!$F$29"))+1)/--(IF(INDIRECT("'"&$B4&"'!$F$29:$F$45")<>"",1,0)),0))-(IFERROR((ROW(INDIRECT("'"&$B4&"'!$F$29:$F$45"))-ROW(INDIRECT("'"&$B4&"'!$F$29"))+1)/--(FIND("VERIFICACIÓN: ", INDIRECT("'"&$B4&"'!$F$29:$F$45"))),0))),1),0)>IF(MAX(IFERROR((_xlfn._xlws.FILTER((ROW(INDIRECT("'"&$B4&"'!$E$29:$E$45"))-ROW(INDIRECT("'"&$B4&"'!$E$29"))+1)/--(IF(INDIRECT("'"&$B4&"'!$E$29:$E$45")<>"",1,0)), NOT(ISNUMBER(MATCH((ROW(INDIRECT("'"&$B4&"'!$E$29:$E$45"))-ROW(INDIRECT("'"&$B4&"'!$E$29"))+1)/--(IF(INDIRECT("'"&$B4&"'!$E$29:$E$45")<>"",1,0)), (ROW(INDIRECT("'"&$B4&"'!$E$29:$E$45"))-ROW(INDIRECT("'"&$B4&"'!$E$29"))+1)/--(FIND("VERIFICACIÓN: ", INDIRECT("'"&$B4&"'!$E$29:$E$45"))), 0))))),0))<>0,INDEX(INDIRECT("'"&$B4&"'!$A$29:$G$45"),MAX((IFERROR((ROW(INDIRECT("'"&$B4&"'!$E$29:$E$45"))-ROW(INDIRECT("'"&$B4&"'!$E$29"))+1)/--(IF(INDIRECT("'"&$B4&"'!$E$29:$E$45")<>"",1,0)),0))-(IFERROR((ROW(INDIRECT("'"&$B4&"'!$E$29:$E$45"))-ROW(INDIRECT("'"&$B4&"'!$E$29"))+1)/--(FIND("VERIFICACIÓN: ", INDIRECT("'"&$B4&"'!$E$29:$E$45"))),0))),1),0),IF(MAX((IFERROR((ROW(INDIRECT("'"&$B4&"'!$F$29:$F$45"))-ROW(INDIRECT("'"&$B4&"'!$F$29"))+1)/--(IF(INDIRECT("'"&$B4&"'!$F$29:$F$45")<>"",1,0)),0))-(IFERROR((ROW(INDIRECT("'"&$B4&"'!$F$29:$F$45"))-ROW(INDIRECT("'"&$B4&"'!$F$29"))+1)/--(FIND("VERIFICACIÓN: ", INDIRECT("'"&$B4&"'!$F$29:$F$45"))),0)))<>0,INDEX(INDIRECT("'"&$B4&"'!$A$29:$G$45"),MAX((IFERROR((ROW(INDIRECT("'"&$B4&"'!$F$29:$F$45"))-ROW(INDIRECT("'"&$B4&"'!$F$29"))+1)/--(IF(INDIRECT("'"&$B4&"'!$F$29:$F$45")<>"",1,0)),0))-(IFERROR((ROW(INDIRECT("'"&$B4&"'!$F$29:$F$45"))-ROW(INDIRECT("'"&$B4&"'!$F$29"))+1)/--(FIND("VERIFICACIÓN: ", INDIRECT("'"&$B4&"'!$F$29:$F$45"))),0))),1),0),IF(MAX(IFERROR((_xlfn._xlws.FILTER((ROW(INDIRECT("'"&$B4&"'!$E$29:$E$45"))-ROW(INDIRECT("'"&$B4&"'!$E$29"))+1)/--(IF(INDIRECT("'"&$B4&"'!$E$29:$E$45")<>"",1,0)), NOT(ISNUMBER(MATCH((ROW(INDIRECT("'"&$B4&"'!$E$29:$E$45"))-ROW(INDIRECT("'"&$B4&"'!$E$29"))+1)/--(IF(INDIRECT("'"&$B4&"'!$E$29:$E$45")<>"",1,0)), (ROW(INDIRECT("'"&$B4&"'!$E$29:$E$45"))-ROW(INDIRECT("'"&$B4&"'!$E$29"))+1)/--(FIND("VERIFICACIÓN: ", INDIRECT("'"&$B4&"'!$E$29:$E$45"))), 0))))),0))<>0,INDEX(INDIRECT("'"&$B4&"'!$A$29:$G$45"),MAX((IFERROR((ROW(INDIRECT("'"&$B4&"'!$E$29:$E$45"))-ROW(INDIRECT("'"&$B4&"'!$E$29"))+1)/--(IF(INDIRECT("'"&$B4&"'!$E$29:$E$45")<>"",1,0)),0))-(IFERROR((ROW(INDIRECT("'"&$B4&"'!$E$29:$E$45"))-ROW(INDIRECT("'"&$B4&"'!$E$29"))+1)/--(FIND("VERIFICACIÓN: ", INDIRECT("'"&$B4&"'!$E$29:$E$45"))),0))),1),0))} -> 0 | S4: No aplica | T4: {=IF(IF(MAX((IFERROR((ROW(INDIRECT("'"&$B4&"'!$F$29:$F$45"))-ROW(INDIRECT("'"&$B4&"'!$F$29"))+1)/--(IF(INDIRECT("'"&$B4&"'!$F$29:$F$45")<>"",1,0)),0))-(IFERROR((ROW(INDIRECT("'"&$B4&"'!$F$29:$F$45"))-ROW(INDIRECT("'"&$B4&"'!$F$29"))+1)/--(FIND("VERIFICACIÓN: ", INDIRECT("'"&$B4&"'!$F$29:$F$45"))),0)))<>0,INDEX(INDIRECT("'"&$B4&"'!$A$29:$G$45"),MAX((IFERROR((ROW(INDIRECT("'"&$B4&"'!$F$29:$F$45"))-ROW(INDIRECT("'"&$B4&"'!$F$29"))+1)/--(IF(INDIRECT("'"&$B4&"'!$F$29:$F$45")<>"",1,0)),0))-(IFERROR((ROW(INDIRECT("'"&$B4&"'!$F$29:$F$45"))-ROW(INDIRECT("'"&$B4&"'!$F$29"))+1)/--(FIND("VERIFICACIÓN: ", INDIRECT("'"&$B4&"'!$F$29:$F$45"))),0))),1),0)>IF(MAX(IFERROR((_xlfn._xlws.FILTER((ROW(INDIRECT("'"&$B4&"'!$E$29:$E$45"))-ROW(INDIRECT("'"&$B4&"'!$E$29"))+1)/--(IF(INDIRECT("'"&$B4&"'!$E$29:$E$45")<>"",1,0)), NOT(ISNUMBER(MATCH((ROW(INDIRECT("'"&$B4&"'!$E$29:$E$45"))-ROW(INDIRECT("'"&$B4&"'!$E$29"))+1)/--(IF(INDIRECT("'"&$B4&"'!$E$29:$E$45")<>"",1,0)), (ROW(INDIRECT("'"&$B4&"'!$E$29:$E$45"))-ROW(INDIRECT("'"&$B4&"'!$E$29"))+1)/--(FIND("VERIFICACIÓN: ", INDIRECT("'"&$B4&"'!$E$29:$E$45"))), 0))))),0))<>0,INDEX(INDIRECT("'"&$B4&"'!$A$29:$G$45"),MAX((IFERROR((ROW(INDIRECT("'"&$B4&"'!$E$29:$E$45"))-ROW(INDIRECT("'"&$B4&"'!$E$29"))+1)/--(IF(INDIRECT("'"&$B4&"'!$E$29:$E$45")<>"",1,0)),0))-(IFERROR((ROW(INDIRECT("'"&$B4&"'!$E$29:$E$45"))-ROW(INDIRECT("'"&$B4&"'!$E$29"))+1)/--(FIND("VERIFICACIÓN: ", INDIRECT("'"&$B4&"'!$E$29:$E$45"))),0))),1),0),IF(MAX((IFERROR((ROW(INDIRECT("'"&$B4&"'!$F$29:$F$45"))-ROW(INDIRECT("'"&$B4&"'!$F$29"))+1)/--(IF(INDIRECT("'"&$B4&"'!$F$29:$F$45")<>"",1,0)),0))-(IFERROR((ROW(INDIRECT("'"&$B4&"'!$F$29:$F$45"))-ROW(INDIRECT("'"&$B4&"'!$F$29"))+1)/--(FIND("VERIFICACIÓN: ", INDIRECT("'"&$B4&"'!$F$29:$F$45"))),0)))<>0,INDEX(INDIRECT("'"&$B4&"'!$A$29:$G$45"),MAX((IFERROR((ROW(INDIRECT("'"&$B4&"'!$F$29:$F$45"))-ROW(INDIRECT("'"&$B4&"'!$F$29"))+1)/--(IF(INDIRECT("'"&$B4&"'!$F$29:$F$45")<>"",1,0)),0))-(IFERROR((ROW(INDIRECT("'"&$B4&"'!$F$29:$F$45"))-ROW(INDIRECT("'"&$B4&"'!$F$29"))+1)/--(FIND("VERIFICACIÓN: ", INDIRECT("'"&$B4&"'!$F$29:$F$45"))),0))),6),"NO DISPONIBLE"),IF(MAX(IFERROR((_xlfn._xlws.FILTER((ROW(INDIRECT("'"&$B4&"'!$E$29:$E$45"))-ROW(INDIRECT("'"&$B4&"'!$E$29"))+1)/--(IF(INDIRECT("'"&$B4&"'!$E$29:$E$45")<>"",1,0)), NOT(ISNUMBER(MATCH((ROW(INDIRECT("'"&$B4&"'!$E$29:$E$45"))-ROW(INDIRECT("'"&$B4&"'!$E$29"))+1)/--(IF(INDIRECT("'"&$B4&"'!$E$29:$E$45")<>"",1,0)), (ROW(INDIRECT("'"&$B4&"'!$E$29:$E$45"))-ROW(INDIRECT("'"&$B4&"'!$E$29"))+1)/--(FIND("VERIFICACIÓN: ", INDIRECT("'"&$B4&"'!$E$29:$E$45"))), 0))))),0))<>0,INDEX(INDIRECT("'"&$B4&"'!$A$29:$G$45"),MAX((IFERROR((ROW(INDIRECT("'"&$B4&"'!$E$29:$E$45"))-ROW(INDIRECT("'"&$B4&"'!$E$29"))+1)/--(IF(INDIRECT("'"&$B4&"'!$E$29:$E$45")<>"",1,0)),0))-(IFERROR((ROW(INDIRECT("'"&$B4&"'!$E$29:$E$45"))-ROW(INDIRECT("'"&$B4&"'!$E$29"))+1)/--(FIND("VERIFICACIÓN: ", INDIRECT("'"&$B4&"'!$E$29:$E$45"))),0))),5),"NO DISPONIBLE"))} -> NO DISPONIBLE | U4: N/A | V4: {=IF((IFERROR(VLOOKUP(IFERROR(LOOKUP(2,1/((INDIRECT("'"&$B4&"'!$F$29:$F$45"))<>""),(INDIRECT("'"&$B4&"'!$F$29:$F$45"))),"NO DISPONIBLE"),CHOOSE({1,2},(INDIRECT("'"&$B4&"'!$F$29:$F$45")),(INDIRECT("'"&$B4&"'!$A$29:$A$45"))),2,0),0))>(IFERROR(VLOOKUP(IFERROR(LOOKUP(2,1/((INDIRECT("'"&$B4&"'!$E$29:$E$45"))<>""),(INDIRECT("'"&$B4&"'!$E$29:$E$45"))),"NO DISPONIBLE"),CHOOSE({1,2},(INDIRECT("'"&$B4&"'!$E$29:$E$45")),(INDIRECT("'"&$B4&"'!$A$29:$A$45"))),2,0),0)),(IFERROR(VLOOKUP(IFERROR(LOOKUP(2,1/((INDIRECT("'"&$B4&"'!$F$29:$F$45"))<>""),(INDIRECT("'"&$B4&"'!$F$29:$F$45"))),"NO DISPONIBLE"),CHOOSE({1,2},(INDIRECT("'"&$B4&"'!$F$29:$F$45")),(INDIRECT("'"&$B4&"'!$A$29:$A$45"))),2,0),0)),(IFERROR(VLOOKUP(IFERROR(LOOKUP(2,1/((INDIRECT("'"&$B4&"'!$E$29:$E$45"))<>""),(INDIRECT("'"&$B4&"'!$E$29:$E$45"))),"NO DISPONIBLE"),CHOOSE({1,2},(INDIRECT("'"&$B4&"'!$E$29:$E$45")),(INDIRECT("'"&$B4&"'!$A$29:$A$45"))),2,0),0)))} -> 0 | W4: No aplica | X4: {=IF((IFERROR(VLOOKUP(IFERROR(LOOKUP(2,1/((INDIRECT("'"&$B4&"'!$E$29:$E$45"))<>""),(INDIRECT("'"&$B4&"'!$E$29:$E$45"))),"NO DISPONIBLE"),CHOOSE({1,2},(INDIRECT("'"&$B4&"'!$E$29:$E$45")),(INDIRECT("'"&$B4&"'!$A$29:$A$45"))),2,0),0))>(IFERROR(VLOOKUP(IFERROR(LOOKUP(2,1/((INDIRECT("'"&$B4&"'!$F$29:$F$45"))<>""),(INDIRECT("'"&$B4&"'!$F$29:$F$45"))),"NO DISPONIBLE"),CHOOSE({1,2},(INDIRECT("'"&$B4&"'!$F$29:$F$45")),(INDIRECT("'"&$B4&"'!$A$29:$A$45"))),2,0),0)),IFERROR(LOOKUP(2,1/((INDIRECT("'"&$B4&"'!$E$29:$E$45"))<>""),(INDIRECT("'"&$B4&"'!$E$29:$E$45"))),"NO DISPONIBLE"),IFERROR(LOOKUP(2,1/((INDIRECT("'"&$B4&"'!$F$29:$F$45"))<>""),(INDIRECT("'"&$B4&"'!$F$29:$F$45"))),"NO DISPONIBLE"))} -> NO DISPONIBLE | Y4: N/A | Z4: {=IF((IFERROR(VLOOKUP(IFERROR(LOOKUP(2,1/((INDIRECT("'"&$B4&"'!$D$29:$D$45"))<>""),(INDIRECT("'"&$B4&"'!$D$29:$D$45"))),"NO DISPONIBLE"),CHOOSE({1,2},(INDIRECT("'"&$B4&"'!$D$29:$D$45")),(INDIRECT("'"&$B4&"'!$A$29:$A$45"))),2,0),0))>(IFERROR(VLOOKUP(IFERROR(LOOKUP(2,1/((INDIRECT("'"&$B4&"'!$C$29:$C$45"))<>""),(INDIRECT("'"&$B4&"'!$C$29:$C$45"))),"NO DISPONIBLE"),CHOOSE({1,2},(INDIRECT("'"&$B4&"'!$C$29:$C$45")),(INDIRECT("'"&$B4&"'!$A$29:$A$45"))),2,0),0)),(IFERROR(VLOOKUP(IFERROR(LOOKUP(2,1/((INDIRECT("'"&$B4&"'!$D$29:$D$45"))<>""),(INDIRECT("'"&$B4&"'!$D$29:$D$45"))),"NO DISPONIBLE"),CHOOSE({1,2},(INDIRECT("'"&$B4&"'!$D$29:$D$45")),(INDIRECT("'"&$B4&"'!$A$29:$A$45"))),2,0),0)),(IFERROR(VLOOKUP(IFERROR(LOOKUP(2,1/((INDIRECT("'"&$B4&"'!$C$29:$C$45"))<>""),(INDIRECT("'"&$B4&"'!$C$29:$C$45"))),"NO DISPONIBLE"),CHOOSE({1,2},(INDIRECT("'"&$B4&"'!$C$29:$C$45")),(INDIRECT("'"&$B4&"'!$A$29:$A$45"))),2,0),0)))} -> 0 | AA4: No aplica | AB4: {=IF((IFERROR(VLOOKUP(IFERROR(LOOKUP(2,1/((INDIRECT("'"&$B4&"'!$C$29:$C$45"))<>""),(INDIRECT("'"&$B4&"'!$C$29:$C$45"))),"NO DISPONIBLE"),CHOOSE({1,2},(INDIRECT("'"&$B4&"'!$C$29:$C$45")),(INDIRECT("'"&$B4&"'!$A$29:$A$45"))),2,0),0))>(IFERROR(VLOOKUP(IFERROR(LOOKUP(2,1/((INDIRECT("'"&$B4&"'!$D$29:$D$45"))<>""),(INDIRECT("'"&$B4&"'!$D$29:$D$45"))),"NO DISPONIBLE"),CHOOSE({1,2},(INDIRECT("'"&$B4&"'!$D$29:$D$45")),(INDIRECT("'"&$B4&"'!$A$29:$A$45"))),2,0),0)),IFERROR(LOOKUP(2,1/((INDIRECT("'"&$B4&"'!$C$29:$C$45"))<>""),(INDIRECT("'"&$B4&"'!$C$29:$C$45"))),"NO DISPONIBLE"),IFERROR(LOOKUP(2,1/((INDIRECT("'"&$B4&"'!$D$29:$D$45"))<>""),(INDIRECT("'"&$B4&"'!$D$29:$D$45"))),"NO DISPONIBLE"))} -> NO DISPONIBLE | AC4: ASEGURAMIENTO
A5: MJM-004 | B5: {=INDIRECT("'"&$B5&"'!$A$6")} -> MASA PATRÓN | C5: {=INDIRECT("'"&$B5&"'!$G$14")} -> TRUMAX | D5: {=INDIRECT("'"&$B5&"'!$G$15")} -> M1 | E5: {=INDIRECT("'"&$B5&"'!$G$16")} -> AG210617 | F5: LABORATORIO 1 | G5: OPERATIVO | H5: {=INDIRECT("'"&$B5&"'!$G$11")} -> MASA | I5: BAJA | J5: {=INDIRECT("'"&$B5&"'!$G$21")} -> 1 kg | K5: {=INDIRECT("'"&$B5&"'!$G$22")} -> 1 kg | L5: {=INDIRECT("'"&$B5&"'!$G$23")} -> N/A | N5: {=INDIRECT("'"&$B5&"'!$G$22")} -> 1 kg | P5: {=IFERROR(LOOKUP(2,1/((INDIRECT("'"&$B5&"'!$G$29:$G$45"))<>""),(INDIRECT("'"&$B5&"'!$G$29:$G$45"))),"NO DISPONIBLE")} -> FUNCIONAL | Q5: N/A | R5: {=IF(IF(MAX((IFERROR((ROW(INDIRECT("'"&$B5&"'!$F$29:$F$45"))-ROW(INDIRECT("'"&$B5&"'!$F$29"))+1)/--(IF(INDIRECT("'"&$B5&"'!$F$29:$F$45")<>"",1,0)),0))-(IFERROR((ROW(INDIRECT("'"&$B5&"'!$F$29:$F$45"))-ROW(INDIRECT("'"&$B5&"'!$F$29"))+1)/--(FIND("VERIFICACIÓN: ", INDIRECT("'"&$B5&"'!$F$29:$F$45"))),0)))<>0,INDEX(INDIRECT("'"&$B5&"'!$A$29:$G$45"),MAX((IFERROR((ROW(INDIRECT("'"&$B5&"'!$F$29:$F$45"))-ROW(INDIRECT("'"&$B5&"'!$F$29"))+1)/--(IF(INDIRECT("'"&$B5&"'!$F$29:$F$45")<>"",1,0)),0))-(IFERROR((ROW(INDIRECT("'"&$B5&"'!$F$29:$F$45"))-ROW(INDIRECT("'"&$B5&"'!$F$29"))+1)/--(FIND("VERIFICACIÓN: ", INDIRECT("'"&$B5&"'!$F$29:$F$45"))),0))),1),0)>IF(MAX(IFERROR((_xlfn._xlws.FILTER((ROW(INDIRECT("'"&$B5&"'!$E$29:$E$45"))-ROW(INDIRECT("'"&$B5&"'!$E$29"))+1)/--(IF(INDIRECT("'"&$B5&"'!$E$29:$E$45")<>"",1,0)), NOT(ISNUMBER(MATCH((ROW(INDIRECT("'"&$B5&"'!$E$29:$E$45"))-ROW(INDIRECT("'"&$B5&"'!$E$29"))+1)/--(IF(INDIRECT("'"&$B5&"'!$E$29:$E$45")<>"",1,0)), (ROW(INDIRECT("'"&$B5&"'!$E$29:$E$45"))-ROW(INDIRECT("'"&$B5&"'!$E$29"))+1)/--(FIND("VERIFICACIÓN: ", INDIRECT("'"&$B5&"'!$E$29:$E$45"))), 0))))),0))<>0,INDEX(INDIRECT("'"&$B5&"'!$A$29:$G$45"),MAX((IFERROR((ROW(INDIRECT("'"&$B5&"'!$E$29:$E$45"))-ROW(INDIRECT("'"&$B5&"'!$E$29"))+1)/--(IF(INDIRECT("'"&$B5&"'!$E$29:$E$45")<>"",1,0)),0))-(IFERROR((ROW(INDIRECT("'"&$B5&"'!$E$29:$E$45"))-ROW(INDIRECT("'"&$B5&"'!$E$29"))+1)/--(FIND("VERIFICACIÓN: ", INDIRECT("'"&$B5&"'!$E$29:$E$45"))),0))),1),0),IF(MAX((IFERROR((ROW(INDIRECT("'"&$B5&"'!$F$29:$F$45"))-ROW(INDIRECT("'"&$B5&"'!$F$29"))+1)/--(IF(INDIRECT("'"&$B5&"'!$F$29:$F$45")<>"",1,0)),0))-(IFERROR((ROW(INDIRECT("'"&$B5&"'!$F$29:$F$45"))-ROW(INDIRECT("'"&$B5&"'!$F$29"))+1)/--(FIND("VERIFICACIÓN: ", INDIRECT("'"&$B5&"'!$F$29:$F$45"))),0)))<>0,INDEX(INDIRECT("'"&$B5&"'!$A$29:$G$45"),MAX((IFERROR((ROW(INDIRECT("'"&$B5&"'!$F$29:$F$45"))-ROW(INDIRECT("'"&$B5&"'!$F$29"))+1)/--(IF(INDIRECT("'"&$B5&"'!$F$29:$F$45")<>"",1,0)),0))-(IFERROR((ROW(INDIRECT("'"&$B5&"'!$F$29:$F$45"))-ROW(INDIRECT("'"&$B5&"'!$F$29"))+1)/--(FIND("VERIFICACIÓN: ", INDIRECT("'"&$B5&"'!$F$29:$F$45"))),0))),1),0),IF(MAX(IFERROR((_xlfn._xlws.FILTER((ROW(INDIRECT("'"&$B5&"'!$E$29:$E$45"))-ROW(INDIRECT("'"&$B5&"'!$E$29"))+1)/--(IF(INDIRECT("'"&$B5&"'!$E$29:$E$45")<>"",1,0)), NOT(ISNUMBER(MATCH((ROW(INDIRECT("'"&$B5&"'!$E$29:$E$45"))-ROW(INDIRECT("'"&$B5&"'!$E$29"))+1)/--(IF(INDIRECT("'"&$B5&"'!$E$29:$E$45")<>"",1,0)), (ROW(INDIRECT("'"&$B5&"'!$E$29:$E$45"))-ROW(INDIRECT("'"&$B5&"'!$E$29"))+1)/--(FIND("VERIFICACIÓN: ", INDIRECT("'"&$B5&"'!$E$29:$E$45"))), 0))))),0))<>0,INDEX(INDIRECT("'"&$B5&"'!$A$29:$G$45"),MAX((IFERROR((ROW(INDIRECT("'"&$B5&"'!$E$29:$E$45"))-ROW(INDIRECT("'"&$B5&"'!$E$29"))+1)/--(IF(INDIRECT("'"&$B5&"'!$E$29:$E$45")<>"",1,0)),0))-(IFERROR((ROW(INDIRECT("'"&$B5&"'!$E$29:$E$45"))-ROW(INDIRECT("'"&$B5&"'!$E$29"))+1)/--(FIND("VERIFICACIÓN: ", INDIRECT("'"&$B5&"'!$E$29:$E$45"))),0))),1),0))} -> 0 | S5: No aplica | T5: {=IF(IF(MAX((IFERROR((ROW(INDIRECT("'"&$B5&"'!$F$29:$F$45"))-ROW(INDIRECT("'"&$B5&"'!$F$29"))+1)/--(IF(INDIRECT("'"&$B5&"'!$F$29:$F$45")<>"",1,0)),0))-(IFERROR((ROW(INDIRECT("'"&$B5&"'!$F$29:$F$45"))-ROW(INDIRECT("'"&$B5&"'!$F$29"))+1)/--(FIND("VERIFICACIÓN: ", INDIRECT("'"&$B5&"'!$F$29:$F$45"))),0)))<>0,INDEX(INDIRECT("'"&$B5&"'!$A$29:$G$45"),MAX((IFERROR((ROW(INDIRECT("'"&$B5&"'!$F$29:$F$45"))-ROW(INDIRECT("'"&$B5&"'!$F$29"))+1)/--(IF(INDIRECT("'"&$B5&"'!$F$29:$F$45")<>"",1,0)),0))-(IFERROR((ROW(INDIRECT("'"&$B5&"'!$F$29:$F$45"))-ROW(INDIRECT("'"&$B5&"'!$F$29"))+1)/--(FIND("VERIFICACIÓN: ", INDIRECT("'"&$B5&"'!$F$29:$F$45"))),0))),1),0)>IF(MAX(IFERROR((_xlfn._xlws.FILTER((ROW(INDIRECT("'"&$B5&"'!$E$29:$E$45"))-ROW(INDIRECT("'"&$B5&"'!$E$29"))+1)/--(IF(INDIRECT("'"&$B5&"'!$E$29:$E$45")<>"",1,0)), NOT(ISNUMBER(MATCH((ROW(INDIRECT("'"&$B5&"'!$E$29:$E$45"))-ROW(INDIRECT("'"&$B5&"'!$E$29"))+1)/--(IF(INDIRECT("'"&$B5&"'!$E$29:$E$45")<>"",1,0)), (ROW(INDIRECT("'"&$B5&"'!$E$29:$E$45"))-ROW(INDIRECT("'"&$B5&"'!$E$29"))+1)/--(FIND("VERIFICACIÓN: ", INDIRECT("'"&$B5&"'!$E$29:$E$45"))), 0))))),0))<>0,INDEX(INDIRECT("'"&$B5&"'!$A$29:$G$45"),MAX((IFERROR((ROW(INDIRECT("'"&$B5&"'!$E$29:$E$45"))-ROW(INDIRECT("'"&$B5&"'!$E$29"))+1)/--(IF(INDIRECT("'"&$B5&"'!$E$29:$E$45")<>"",1,0)),0))-(IFERROR((ROW(INDIRECT("'"&$B5&"'!$E$29:$E$45"))-ROW(INDIRECT("'"&$B5&"'!$E$29"))+1)/--(FIND("VERIFICACIÓN: ", INDIRECT("'"&$B5&"'!$E$29:$E$45"))),0))),1),0),IF(MAX((IFERROR((ROW(INDIRECT("'"&$B5&"'!$F$29:$F$45"))-ROW(INDIRECT("'"&$B5&"'!$F$29"))+1)/--(IF(INDIRECT("'"&$B5&"'!$F$29:$F$45")<>"",1,0)),0))-(IFERROR((ROW(INDIRECT("'"&$B5&"'!$F$29:$F$45"))-ROW(INDIRECT("'"&$B5&"'!$F$29"))+1)/--(FIND("VERIFICACIÓN: ", INDIRECT("'"&$B5&"'!$F$29:$F$45"))),0)))<>0,INDEX(INDIRECT("'"&$B5&"'!$A$29:$G$45"),MAX((IFERROR((ROW(INDIRECT("'"&$B5&"'!$F$29:$F$45"))-ROW(INDIRECT("'"&$B5&"'!$F$29"))+1)/--(IF(INDIRECT("'"&$B5&"'!$F$29:$F$45")<>"",1,0)),0))-(IFERROR((ROW(INDIRECT("'"&$B5&"'!$F$29:$F$45"))-ROW(INDIRECT("'"&$B5&"'!$F$29"))+1)/--(FIND("VERIFICACIÓN: ", INDIRECT("'"&$B5&"'!$F$29:$F$45"))),0))),6),"NO DISPONIBLE"),IF(MAX(IFERROR((_xlfn._xlws.FILTER((ROW(INDIRECT("'"&$B5&"'!$E$29:$E$45"))-ROW(INDIRECT("'"&$B5&"'!$E$29"))+1)/--(IF(INDIRECT("'"&$B5&"'!$E$29:$E$45")<>"",1,0)), NOT(ISNUMBER(MATCH((ROW(INDIRECT("'"&$B5&"'!$E$29:$E$45"))-ROW(INDIRECT("'"&$B5&"'!$E$29"))+1)/--(IF(INDIRECT("'"&$B5&"'!$E$29:$E$45")<>"",1,0)), (ROW(INDIRECT("'"&$B5&"'!$E$29:$E$45"))-ROW(INDIRECT("'"&$B5&"'!$E$29"))+1)/--(FIND("VERIFICACIÓN: ", INDIRECT("'"&$B5&"'!$E$29:$E$45"))), 0))))),0))<>0,INDEX(INDIRECT("'"&$B5&"'!$A$29:$G$45"),MAX((IFERROR((ROW(INDIRECT("'"&$B5&"'!$E$29:$E$45"))-ROW(INDIRECT("'"&$B5&"'!$E$29"))+1)/--(IF(INDIRECT("'"&$B5&"'!$E$29:$E$45")<>"",1,0)),0))-(IFERROR((ROW(INDIRECT("'"&$B5&"'!$E$29:$E$45"))-ROW(INDIRECT("'"&$B5&"'!$E$29"))+1)/--(FIND("VERIFICACIÓN: ", INDIRECT("'"&$B5&"'!$E$29:$E$45"))),0))),5),"NO DISPONIBLE"))} -> NO DISPONIBLE | U5: N/A | V5: {=IF((IFERROR(VLOOKUP(IFERROR(LOOKUP(2,1/((INDIRECT("'"&$B5&"'!$F$29:$F$45"))<>""),(INDIRECT("'"&$B5&"'!$F$29:$F$45"))),"NO DISPONIBLE"),CHOOSE({1,2},(INDIRECT("'"&$B5&"'!$F$29:$F$45")),(INDIRECT("'"&$B5&"'!$A$29:$A$45"))),2,0),0))>(IFERROR(VLOOKUP(IFERROR(LOOKUP(2,1/((INDIRECT("'"&$B5&"'!$E$29:$E$45"))<>""),(INDIRECT("'"&$B5&"'!$E$29:$E$45"))),"NO DISPONIBLE"),CHOOSE({1,2},(INDIRECT("'"&$B5&"'!$E$29:$E$45")),(INDIRECT("'"&$B5&"'!$A$29:$A$45"))),2,0),0)),(IFERROR(VLOOKUP(IFERROR(LOOKUP(2,1/((INDIRECT("'"&$B5&"'!$F$29:$F$45"))<>""),(INDIRECT("'"&$B5&"'!$F$29:$F$45"))),"NO DISPONIBLE"),CHOOSE({1,2},(INDIRECT("'"&$B5&"'!$F$29:$F$45")),(INDIRECT("'"&$B5&"'!$A$29:$A$45"))),2,0),0)),(IFERROR(VLOOKUP(IFERROR(LOOKUP(2,1/((INDIRECT("'"&$B5&"'!$E$29:$E$45"))<>""),(INDIRECT("'"&$B5&"'!$E$29:$E$45"))),"NO DISPONIBLE"),CHOOSE({1,2},(INDIRECT("'"&$B5&"'!$E$29:$E$45")),(INDIRECT("'"&$B5&"'!$A$29:$A$45"))),2,0),0)))} -> 0 | W5: No aplica | X5: {=IF((IFERROR(VLOOKUP(IFERROR(LOOKUP(2,1/((INDIRECT("'"&$B5&"'!$E$29:$E$45"))<>""),(INDIRECT("'"&$B5&"'!$E$29:$E$45"))),"NO DISPONIBLE"),CHOOSE({1,2},(INDIRECT("'"&$B5&"'!$E$29:$E$45")),(INDIRECT("'"&$B5&"'!$A$29:$A$45"))),2,0),0))>(IFERROR(VLOOKUP(IFERROR(LOOKUP(2,1/((INDIRECT("'"&$B5&"'!$F$29:$F$45"))<>""),(INDIRECT("'"&$B5&"'!$F$29:$F$45"))),"NO DISPONIBLE"),CHOOSE({1,2},(INDIRECT("'"&$B5&"'!$F$29:$F$45")),(INDIRECT("'"&$B5&"'!$A$29:$A$45"))),2,0),0)),IFERROR(LOOKUP(2,1/((INDIRECT("'"&$B5&"'!$E$29:$E$45"))<>""),(INDIRECT("'"&$B5&"'!$E$29:$E$45"))),"NO DISPONIBLE"),IFERROR(LOOKUP(2,1/((INDIRECT("'"&$B5&"'!$F$29:$F$45"))<>""),(INDIRECT("'"&$B5&"'!$F$29:$F$45"))),"NO DISPONIBLE"))} -> NO DISPONIBLE | Y5: N/A | Z5: {=IF((IFERROR(VLOOKUP(IFERROR(LOOKUP(2,1/((INDIRECT("'"&$B5&"'!$D$29:$D$45"))<>""),(INDIRECT("'"&$B5&"'!$D$29:$D$45"))),"NO DISPONIBLE"),CHOOSE({1,2},(INDIRECT("'"&$B5&"'!$D$29:$D$45")),(INDIRECT("'"&$B5&"'!$A$29:$A$45"))),2,0),0))>(IFERROR(VLOOKUP(IFERROR(LOOKUP(2,1/((INDIRECT("'"&$B5&"'!$C$29:$C$45"))<>""),(INDIRECT("'"&$B5&"'!$C$29:$C$45"))),"NO DISPONIBLE"),CHOOSE({1,2},(INDIRECT("'"&$B5&"'!$C$29:$C$45")),(INDIRECT("'"&$B5&"'!$A$29:$A$45"))),2,0),0)),(IFERROR(VLOOKUP(IFERROR(LOOKUP(2,1/((INDIRECT("'"&$B5&"'!$D$29:$D$45"))<>""),(INDIRECT("'"&$B5&"'!$D$29:$D$45"))),"NO DISPONIBLE"),CHOOSE({1,2},(INDIRECT("'"&$B5&"'!$D$29:$D$45")),(INDIRECT("'"&$B5&"'!$A$29:$A$45"))),2,0),0)),(IFERROR(VLOOKUP(IFERROR(LOOKUP(2,1/((INDIRECT("'"&$B5&"'!$C$29:$C$45"))<>""),(INDIRECT("'"&$B5&"'!$C$29:$C$45"))),"NO DISPONIBLE"),CHOOSE({1,2},(INDIRECT("'"&$B5&"'!$C$29:$C$45")),(INDIRECT("'"&$B5&"'!$A$29:$A$45"))),2,0),0)))} -> 0 | AA5: No aplica | AB5: {=IF((IFERROR(VLOOKUP(IFERROR(LOOKUP(2,1/((INDIRECT("'"&$B5&"'!$C$29:$C$45"))<>""),(INDIRECT("'"&$B5&"'!$C$29:$C$45"))),"NO DISPONIBLE"),CHOOSE({1,2},(INDIRECT("'"&$B5&"'!$C$29:$C$45")),(INDIRECT("'"&$B5&"'!$A$29:$A$45"))),2,0),0))>(IFERROR(VLOOKUP(IFERROR(LOOKUP(2,1/((INDIRECT("'"&$B5&"'!$D$29:$D$45"))<>""),(INDIRECT("'"&$B5&"'!$D$29:$D$45"))),"NO DISPONIBLE"),CHOOSE({1,2},(INDIRECT("'"&$B5&"'!$D$29:$D$45")),(INDIRECT("'"&$B5&"'!$A$29:$A$45"))),2,0),0)),IFERROR(LOOKUP(2,1/((INDIRECT("'"&$B5&"'!$C$29:$C$45"))<>""),(INDIRECT("'"&$B5&"'!$C$29:$C$45"))),"NO DISPONIBLE"),IFERROR(LOOKUP(2,1/((INDIRECT("'"&$B5&"'!$D$29:$D$45"))<>""),(INDIRECT("'"&$B5&"'!$D$29:$D$45"))),"NO DISPONIBLE"))} -> NO DISPONIBLE | AC5: ASEGURAMIENTO
A6: MJM-005 | B6: {=INDIRECT("'"&$B6&"'!$A$6")} -> MASA PATRÓN | C6: {=INDIRECT("'"&$B6&"'!$G$14")} -> COLMETRO | D6: {=INDIRECT("'"&$B6&"'!$G$15")} -> NO PORTA | E6: {=INDIRECT("'"&$B6&"'!$G$16")} -> NO PORTA | F6: LABORATORIO 1 | G6: OPERATIVO | H6: {=INDIRECT("'"&$B6&"'!$G$11")} -> MASA | I6: BAJA | J6: {=INDIRECT("'"&$B6&"'!$G$21")} -> 5 kg | K6: {=INDIRECT("'"&$B6&"'!$G$22")} -> 5 kg | L6: {=INDIRECT("'"&$B6&"'!$G$23")} -> N/A | N6: {=INDIRECT("'"&$B6&"'!$G$22")} -> 5 kg | P6: {=IFERROR(LOOKUP(2,1/((INDIRECT("'"&$B6&"'!$G$29:$G$45"))<>""),(INDIRECT("'"&$B6&"'!$G$29:$G$45"))),"NO DISPONIBLE")} -> FUNCIONAL | Q6: N/A | R6: {=IF(IF(MAX((IFERROR((ROW(INDIRECT("'"&$B6&"'!$F$29:$F$45"))-ROW(INDIRECT("'"&$B6&"'!$F$29"))+1)/--(IF(INDIRECT("'"&$B6&"'!$F$29:$F$45")<>"",1,0)),0))-(IFERROR((ROW(INDIRECT("'"&$B6&"'!$F$29:$F$45"))-ROW(INDIRECT("'"&$B6&"'!$F$29"))+1)/--(FIND("VERIFICACIÓN: ", INDIRECT("'"&$B6&"'!$F$29:$F$45"))),0)))<>0,INDEX(INDIRECT("'"&$B6&"'!$A$29:$G$45"),MAX((IFERROR((ROW(INDIRECT("'"&$B6&"'!$F$29:$F$45"))-ROW(INDIRECT("'"&$B6&"'!$F$29"))+1)/--(IF(INDIRECT("'"&$B6&"'!$F$29:$F$45")<>"",1,0)),0))-(IFERROR((ROW(INDIRECT("'"&$B6&"'!$F$29:$F$45"))-ROW(INDIRECT("'"&$B6&"'!$F$29"))+1)/--(FIND("VERIFICACIÓN: ", INDIRECT("'"&$B6&"'!$F$29:$F$45"))),0))),1),0)>IF(MAX(IFERROR((_xlfn._xlws.FILTER((ROW(INDIRECT("'"&$B6&"'!$E$29:$E$45"))-ROW(INDIRECT("'"&$B6&"'!$E$29"))+1)/--(IF(INDIRECT("'"&$B6&"'!$E$29:$E$45")<>"",1,0)), NOT(ISNUMBER(MATCH((ROW(INDIRECT("'"&$B6&"'!$E$29:$E$45"))-ROW(INDIRECT("'"&$B6&"'!$E$29"))+1)/--(IF(INDIRECT("'"&$B6&"'!$E$29:$E$45")<>"",1,0)), (ROW(INDIRECT("'"&$B6&"'!$E$29:$E$45"))-ROW(INDIRECT("'"&$B6&"'!$E$29"))+1)/--(FIND("VERIFICACIÓN: ", INDIRECT("'"&$B6&"'!$E$29:$E$45"))), 0))))),0))<>0,INDEX(INDIRECT("'"&$B6&"'!$A$29:$G$45"),MAX((IFERROR((ROW(INDIRECT("'"&$B6&"'!$E$29:$E$45"))-ROW(INDIRECT("'"&$B6&"'!$E$29"))+1)/--(IF(INDIRECT("'"&$B6&"'!$E$29:$E$45")<>"",1,0)),0))-(IFERROR((ROW(INDIRECT("'"&$B6&"'!$E$29:$E$45"))-ROW(INDIRECT("'"&$B6&"'!$E$29"))+1)/--(FIND("VERIFICACIÓN: ", INDIRECT("'"&$B6&"'!$E$29:$E$45"))),0))),1),0),IF(MAX((IFERROR((ROW(INDIRECT("'"&$B6&"'!$F$29:$F$45"))-ROW(INDIRECT("'"&$B6&"'!$F$29"))+1)/--(IF(INDIRECT("'"&$B6&"'!$F$29:$F$45")<>"",1,0)),0))-(IFERROR((ROW(INDIRECT("'"&$B6&"'!$F$29:$F$45"))-ROW(INDIRECT("'"&$B6&"'!$F$29"))+1)/--(FIND("VERIFICACIÓN: ", INDIRECT("'"&$B6&"'!$F$29:$F$45"))),0)))<>0,INDEX(INDIRECT("'"&$B6&"'!$A$29:$G$45"),MAX((IFERROR((ROW(INDIRECT("'"&$B6&"'!$F$29:$F$45"))-ROW(INDIRECT("'"&$B6&"'!$F$29"))+1)/--(IF(INDIRECT("'"&$B6&"'!$F$29:$F$45")<>"",1,0)),0))-(IFERROR((ROW(INDIRECT("'"&$B6&"'!$F$29:$F$45"))-ROW(INDIRECT("'"&$B6&"'!$F$29"))+1)/--(FIND("VERIFICACIÓN: ", INDIRECT("'"&$B6&"'!$F$29:$F$45"))),0))),1),0),IF(MAX(IFERROR((_xlfn._xlws.FILTER((ROW(INDIRECT("'"&$B6&"'!$E$29:$E$45"))-ROW(INDIRECT("'"&$B6&"'!$E$29"))+1)/--(IF(INDIRECT("'"&$B6&"'!$E$29:$E$45")<>"",1,0)), NOT(ISNUMBER(MATCH((ROW(INDIRECT("'"&$B6&"'!$E$29:$E$45"))-ROW(INDIRECT("'"&$B6&"'!$E$29"))+1)/--(IF(INDIRECT("'"&$B6&"'!$E$29:$E$45")<>"",1,0)), (ROW(INDIRECT("'"&$B6&"'!$E$29:$E$45"))-ROW(INDIRECT("'"&$B6&"'!$E$29"))+1)/--(FIND("VERIFICACIÓN: ", INDIRECT("'"&$B6&"'!$E$29:$E$45"))), 0))))),0))<>0,INDEX(INDIRECT("'"&$B6&"'!$A$29:$G$45"),MAX((IFERROR((ROW(INDIRECT("'"&$B6&"'!$E$29:$E$45"))-ROW(INDIRECT("'"&$B6&"'!$E$29"))+1)/--(IF(INDIRECT("'"&$B6&"'!$E$29:$E$45")<>"",1,0)),0))-(IFERROR((ROW(INDIRECT("'"&$B6&"'!$E$29:$E$45"))-ROW(INDIRECT("'"&$B6&"'!$E$29"))+1)/--(FIND("VERIFICACIÓN: ", INDIRECT("'"&$B6&"'!$E$29:$E$45"))),0))),1),0))} -> 0 | S6: No aplica | T6: {=IF(IF(MAX((IFERROR((ROW(INDIRECT("'"&$B6&"'!$F$29:$F$45"))-ROW(INDIRECT("'"&$B6&"'!$F$29"))+1)/--(IF(INDIRECT("'"&$B6&"'!$F$29:$F$45")<>"",1,0)),0))-(IFERROR((ROW(INDIRECT("'"&$B6&"'!$F$29:$F$45"))-ROW(INDIRECT("'"&$B6&"'!$F$29"))+1)/--(FIND("VERIFICACIÓN: ", INDIRECT("'"&$B6&"'!$F$29:$F$45"))),0)))<>0,INDEX(INDIRECT("'"&$B6&"'!$A$29:$G$45"),MAX((IFERROR((ROW(INDIRECT("'"&$B6&"'!$F$29:$F$45"))-ROW(INDIRECT("'"&$B6&"'!$F$29"))+1)/--(IF(INDIRECT("'"&$B6&"'!$F$29:$F$45")<>"",1,0)),0))-(IFERROR((ROW(INDIRECT("'"&$B6&"'!$F$29:$F$45"))-ROW(INDIRECT("'"&$B6&"'!$F$29"))+1)/--(FIND("VERIFICACIÓN: ", INDIRECT("'"&$B6&"'!$F$29:$F$45"))),0))),1),0)>IF(MAX(IFERROR((_xlfn._xlws.FILTER((ROW(INDIRECT("'"&$B6&"'!$E$29:$E$45"))-ROW(INDIRECT("'"&$B6&"'!$E$29"))+1)/--(IF(INDIRECT("'"&$B6&"'!$E$29:$E$45")<>"",1,0)), NOT(ISNUMBER(MATCH((ROW(INDIRECT("'"&$B6&"'!$E$29:$E$45"))-ROW(INDIRECT("'"&$B6&"'!$E$29"))+1)/--(IF(INDIRECT("'"&$B6&"'!$E$29:$E$45")<>"",1,0)), (ROW(INDIRECT("'"&$B6&"'!$E$29:$E$45"))-ROW(INDIRECT("'"&$B6&"'!$E$29"))+1)/--(FIND("VERIFICACIÓN: ", INDIRECT("'"&$B6&"'!$E$29:$E$45"))), 0))))),0))<>0,INDEX(INDIRECT("'"&$B6&"'!$A$29:$G$45"),MAX((IFERROR((ROW(INDIRECT("'"&$B6&"'!$E$29:$E$45"))-ROW(INDIRECT("'"&$B6&"'!$E$29"))+1)/--(IF(INDIRECT("'"&$B6&"'!$E$29:$E$45")<>"",1,0)),0))-(IFERROR((ROW(INDIRECT("'"&$B6&"'!$E$29:$E$45"))-ROW(INDIRECT("'"&$B6&"'!$E$29"))+1)/--(FIND("VERIFICACIÓN: ", INDIRECT("'"&$B6&"'!$E$29:$E$45"))),0))),1),0),IF(MAX((IFERROR((ROW(INDIRECT("'"&$B6&"'!$F$29:$F$45"))-ROW(INDIRECT("'"&$B6&"'!$F$29"))+1)/--(IF(INDIRECT("'"&$B6&"'!$F$29:$F$45")<>"",1,0)),0))-(IFERROR((ROW(INDIRECT("'"&$B6&"'!$F$29:$F$45"))-ROW(INDIRECT("'"&$B6&"'!$F$29"))+1)/--(FIND("VERIFICACIÓN: ", INDIRECT("'"&$B6&"'!$F$29:$F$45"))),0)))<>0,INDEX(INDIRECT("'"&$B6&"'!$A$29:$G$45"),MAX((IFERROR((ROW(INDIRECT("'"&$B6&"'!$F$29:$F$45"))-ROW(INDIRECT("'"&$B6&"'!$F$29"))+1)/--(IF(INDIRECT("'"&$B6&"'!$F$29:$F$45")<>"",1,0)),0))-(IFERROR((ROW(INDIRECT("'"&$B6&"'!$F$29:$F$45"))-ROW(INDIRECT("'"&$B6&"'!$F$29"))+1)/--(FIND("VERIFICACIÓN: ", INDIRECT("'"&$B6&"'!$F$29:$F$45"))),0))),6),"NO DISPONIBLE"),IF(MAX(IFERROR((_xlfn._xlws.FILTER((ROW(INDIRECT("'"&$B6&"'!$E$29:$E$45"))-ROW(INDIRECT("'"&$B6&"'!$E$29"))+1)/--(IF(INDIRECT("'"&$B6&"'!$E$29:$E$45")<>"",1,0)), NOT(ISNUMBER(MATCH((ROW(INDIRECT("'"&$B6&"'!$E$29:$E$45"))-ROW(INDIRECT("'"&$B6&"'!$E$29"))+1)/--(IF(INDIRECT("'"&$B6&"'!$E$29:$E$45")<>"",1,0)), (ROW(INDIRECT("'"&$B6&"'!$E$29:$E$45"))-ROW(INDIRECT("'"&$B6&"'!$E$29"))+1)/--(FIND("VERIFICACIÓN: ", INDIRECT("'"&$B6&"'!$E$29:$E$45"))), 0))))),0))<>0,INDEX(INDIRECT("'"&$B6&"'!$A$29:$G$45"),MAX((IFERROR((ROW(INDIRECT("'"&$B6&"'!$E$29:$E$45"))-ROW(INDIRECT("'"&$B6&"'!$E$29"))+1)/--(IF(INDIRECT("'"&$B6&"'!$E$29:$E$45")<>"",1,0)),0))-(IFERROR((ROW(INDIRECT("'"&$B6&"'!$E$29:$E$45"))-ROW(INDIRECT("'"&$B6&"'!$E$29"))+1)/--(FIND("VERIFICACIÓN: ", INDIRECT("'"&$B6&"'!$E$29:$E$45"))),0))),5),"NO DISPONIBLE"))} -> NO DISPONIBLE | U6: N/A | V6: {=IF((IFERROR(VLOOKUP(IFERROR(LOOKUP(2,1/((INDIRECT("'"&$B6&"'!$F$29:$F$45"))<>""),(INDIRECT("'"&$B6&"'!$F$29:$F$45"))),"NO DISPONIBLE"),CHOOSE({1,2},(INDIRECT("'"&$B6&"'!$F$29:$F$45")),(INDIRECT("'"&$B6&"'!$A$29:$A$45"))),2,0),0))>(IFERROR(VLOOKUP(IFERROR(LOOKUP(2,1/((INDIRECT("'"&$B6&"'!$E$29:$E$45"))<>""),(INDIRECT("'"&$B6&"'!$E$29:$E$45"))),"NO DISPONIBLE"),CHOOSE({1,2},(INDIRECT("'"&$B6&"'!$E$29:$E$45")),(INDIRECT("'"&$B6&"'!$A$29:$A$45"))),2,0),0)),(IFERROR(VLOOKUP(IFERROR(LOOKUP(2,1/((INDIRECT("'"&$B6&"'!$F$29:$F$45"))<>""),(INDIRECT("'"&$B6&"'!$F$29:$F$45"))),"NO DISPONIBLE"),CHOOSE({1,2},(INDIRECT("'"&$B6&"'!$F$29:$F$45")),(INDIRECT("'"&$B6&"'!$A$29:$A$45"))),2,0),0)),(IFERROR(VLOOKUP(IFERROR(LOOKUP(2,1/((INDIRECT("'"&$B6&"'!$E$29:$E$45"))<>""),(INDIRECT("'"&$B6&"'!$E$29:$E$45"))),"NO DISPONIBLE"),CHOOSE({1,2},(INDIRECT("'"&$B6&"'!$E$29:$E$45")),(INDIRECT("'"&$B6&"'!$A$29:$A$45"))),2,0),0)))} -> 0 | W6: No aplica | X6: {=IF((IFERROR(VLOOKUP(IFERROR(LOOKUP(2,1/((INDIRECT("'"&$B6&"'!$E$29:$E$45"))<>""),(INDIRECT("'"&$B6&"'!$E$29:$E$45"))),"NO DISPONIBLE"),CHOOSE({1,2},(INDIRECT("'"&$B6&"'!$E$29:$E$45")),(INDIRECT("'"&$B6&"'!$A$29:$A$45"))),2,0),0))>(IFERROR(VLOOKUP(IFERROR(LOOKUP(2,1/((INDIRECT("'"&$B6&"'!$F$29:$F$45"))<>""),(INDIRECT("'"&$B6&"'!$F$29:$F$45"))),"NO DISPONIBLE"),CHOOSE({1,2},(INDIRECT("'"&$B6&"'!$F$29:$F$45")),(INDIRECT("'"&$B6&"'!$A$29:$A$45"))),2,0),0)),IFERROR(LOOKUP(2,1/((INDIRECT("'"&$B6&"'!$E$29:$E$45"))<>""),(INDIRECT("'"&$B6&"'!$E$29:$E$45"))),"NO DISPONIBLE"),IFERROR(LOOKUP(2,1/((INDIRECT("'"&$B6&"'!$F$29:$F$45"))<>""),(INDIRECT("'"&$B6&"'!$F$29:$F$45"))),"NO DISPONIBLE"))} -> NO DISPONIBLE | Y6: N/A | Z6: {=IF((IFERROR(VLOOKUP(IFERROR(LOOKUP(2,1/((INDIRECT("'"&$B6&"'!$D$29:$D$45"))<>""),(INDIRECT("'"&$B6&"'!$D$29:$D$45"))),"NO DISPONIBLE"),CHOOSE({1,2},(INDIRECT("'"&$B6&"'!$D$29:$D$45")),(INDIRECT("'"&$B6&"'!$A$29:$A$45"))),2,0),0))>(IFERROR(VLOOKUP(IFERROR(LOOKUP(2,1/((INDIRECT("'"&$B6&"'!$C$29:$C$45"))<>""),(INDIRECT("'"&$B6&"'!$C$29:$C$45"))),"NO DISPONIBLE"),CHOOSE({1,2},(INDIRECT("'"&$B6&"'!$C$29:$C$45")),(INDIRECT("'"&$B6&"'!$A$29:$A$45"))),2,0),0)),(IFERROR(VLOOKUP(IFERROR(LOOKUP(2,1/((INDIRECT("'"&$B6&"'!$D$29:$D$45"))<>""),(INDIRECT("'"&$B6&"'!$D$29:$D$45"))),"NO DISPONIBLE"),CHOOSE({1,2},(INDIRECT("'"&$B6&"'!$D$29:$D$45")),(INDIRECT("'"&$B6&"'!$A$29:$A$45"))),2,0),0)),(IFERROR(VLOOKUP(IFERROR(LOOKUP(2,1/((INDIRECT("'"&$B6&"'!$C$29:$C$45"))<>""),(INDIRECT("'"&$B6&"'!$C$29:$C$45"))),"NO DISPONIBLE"),CHOOSE({1,2},(INDIRECT("'"&$B6&"'!$C$29:$C$45")),(INDIRECT("'"&$B6&"'!$A$29:$A$45"))),2,0),0)))} -> 0 | AA6: No aplica | AB6: {=IF((IFERROR(VLOOKUP(IFERROR(LOOKUP(2,1/((INDIRECT("'"&$B6&"'!$C$29:$C$45"))<>""),(INDIRECT("'"&$B6&"'!$C$29:$C$45"))),"NO DISPONIBLE"),CHOOSE({1,2},(INDIRECT("'"&$B6&"'!$C$29:$C$45")),(INDIRECT("'"&$B6&"'!$A$29:$A$45"))),2,0),0))>(IFERROR(VLOOKUP(IFERROR(LOOKUP(2,1/((INDIRECT("'"&$B6&"'!$D$29:$D$45"))<>""),(INDIRECT("'"&$B6&"'!$D$29:$D$45"))),"NO DISPONIBLE"),CHOOSE({1,2},(INDIRECT("'"&$B6&"'!$D$29:$D$45")),(INDIRECT("'"&$B6&"'!$A$29:$A$45"))),2,0),0)),IFERROR(LOOKUP(2,1/((INDIRECT("'"&$B6&"'!$C$29:$C$45"))<>""),(INDIRECT("'"&$B6&"'!$C$29:$C$45"))),"NO DISPONIBLE"),IFERROR(LOOKUP(2,1/((INDIRECT("'"&$B6&"'!$D$29:$D$45"))<>""),(INDIRECT("'"&$B6&"'!$D$29:$D$45"))),"NO DISPONIBLE"))} -> NO DISPONIBLE | AC6: ASEGURAMIENTO
A7: MJM-006 | B7: {=INDIRECT("'"&$B7&"'!$A$6")} -> MASA PATRÓN | C7: {=INDIRECT("'"&$B7&"'!$G$14")} -> COLMETRO | D7: {=INDIRECT("'"&$B7&"'!$G$15")} -> RECTANGULAR | E7: {=INDIRECT("'"&$B7&"'!$G$16")} -> MJM10-1 | F7: LABORATORIO 1 | G7: OPERATIVO | H7: {=INDIRECT("'"&$B7&"'!$G$11")} -> MASA | I7: {=INDIRECT("'"&$B7&"'!$C$11")} -> MEDIA | J7: {=INDIRECT("'"&$B7&"'!$G$21")} -> 10 kg | K7: {=INDIRECT("'"&$B7&"'!$G$22")} -> 10 kg | L7: {=INDIRECT("'"&$B7&"'!$G$23")} -> N/A | N7: {=INDIRECT("'"&$B7&"'!$G$22")} -> 10 kg | P7: {=IFERROR(LOOKUP(2,1/((INDIRECT("'"&$B7&"'!$G$29:$G$45"))<>""),(INDIRECT("'"&$B7&"'!$G$29:$G$45"))),"NO DISPONIBLE")} -> FUNCIONAL | Q7: N/A | R7: {=IF(IF(MAX((IFERROR((ROW(INDIRECT("'"&$B7&"'!$F$29:$F$45"))-ROW(INDIRECT("'"&$B7&"'!$F$29"))+1)/--(IF(INDIRECT("'"&$B7&"'!$F$29:$F$45")<>"",1,0)),0))-(IFERROR((ROW(INDIRECT("'"&$B7&"'!$F$29:$F$45"))-ROW(INDIRECT("'"&$B7&"'!$F$29"))+1)/--(FIND("VERIFICACIÓN: ", INDIRECT("'"&$B7&"'!$F$29:$F$45"))),0)))<>0,INDEX(INDIRECT("'"&$B7&"'!$A$29:$G$45"),MAX((IFERROR((ROW(INDIRECT("'"&$B7&"'!$F$29:$F$45"))-ROW(INDIRECT("'"&$B7&"'!$F$29"))+1)/--(IF(INDIRECT("'"&$B7&"'!$F$29:$F$45")<>"",1,0)),0))-(IFERROR((ROW(INDIRECT("'"&$B7&"'!$F$29:$F$45"))-ROW(INDIRECT("'"&$B7&"'!$F$29"))+1)/--(FIND("VERIFICACIÓN: ", INDIRECT("'"&$B7&"'!$F$29:$F$45"))),0))),1),0)>IF(MAX(IFERROR((_xlfn._xlws.FILTER((ROW(INDIRECT("'"&$B7&"'!$E$29:$E$45"))-ROW(INDIRECT("'"&$B7&"'!$E$29"))+1)/--(IF(INDIRECT("'"&$B7&"'!$E$29:$E$45")<>"",1,0)), NOT(ISNUMBER(MATCH((ROW(INDIRECT("'"&$B7&"'!$E$29:$E$45"))-ROW(INDIRECT("'"&$B7&"'!$E$29"))+1)/--(IF(INDIRECT("'"&$B7&"'!$E$29:$E$45")<>"",1,0)), (ROW(INDIRECT("'"&$B7&"'!$E$29:$E$45"))-ROW(INDIRECT("'"&$B7&"'!$E$29"))+1)/--(FIND("VERIFICACIÓN: ", INDIRECT("'"&$B7&"'!$E$29:$E$45"))), 0))))),0))<>0,INDEX(INDIRECT("'"&$B7&"'!$A$29:$G$45"),MAX((IFERROR((ROW(INDIRECT("'"&$B7&"'!$E$29:$E$45"))-ROW(INDIRECT("'"&$B7&"'!$E$29"))+1)/--(IF(INDIRECT("'"&$B7&"'!$E$29:$E$45")<>"",1,0)),0))-(IFERROR((ROW(INDIRECT("'"&$B7&"'!$E$29:$E$45"))-ROW(INDIRECT("'"&$B7&"'!$E$29"))+1)/--(FIND("VERIFICACIÓN: ", INDIRECT("'"&$B7&"'!$E$29:$E$45"))),0))),1),0),IF(MAX((IFERROR((ROW(INDIRECT("'"&$B7&"'!$F$29:$F$45"))-ROW(INDIRECT("'"&$B7&"'!$F$29"))+1)/--(IF(INDIRECT("'"&$B7&"'!$F$29:$F$45")<>"",1,0)),0))-(IFERROR((ROW(INDIRECT("'"&$B7&"'!$F$29:$F$45"))-ROW(INDIRECT("'"&$B7&"'!$F$29"))+1)/--(FIND("VERIFICACIÓN: ", INDIRECT("'"&$B7&"'!$F$29:$F$45"))),0)))<>0,INDEX(INDIRECT("'"&$B7&"'!$A$29:$G$45"),MAX((IFERROR((ROW(INDIRECT("'"&$B7&"'!$F$29:$F$45"))-ROW(INDIRECT("'"&$B7&"'!$F$29"))+1)/--(IF(INDIRECT("'"&$B7&"'!$F$29:$F$45")<>"",1,0)),0))-(IFERROR((ROW(INDIRECT("'"&$B7&"'!$F$29:$F$45"))-ROW(INDIRECT("'"&$B7&"'!$F$29"))+1)/--(FIND("VERIFICACIÓN: ", INDIRECT("'"&$B7&"'!$F$29:$F$45"))),0))),1),0),IF(MAX(IFERROR((_xlfn._xlws.FILTER((ROW(INDIRECT("'"&$B7&"'!$E$29:$E$45"))-ROW(INDIRECT("'"&$B7&"'!$E$29"))+1)/--(IF(INDIRECT("'"&$B7&"'!$E$29:$E$45")<>"",1,0)), NOT(ISNUMBER(MATCH((ROW(INDIRECT("'"&$B7&"'!$E$29:$E$45"))-ROW(INDIRECT("'"&$B7&"'!$E$29"))+1)/--(IF(INDIRECT("'"&$B7&"'!$E$29:$E$45")<>"",1,0)), (ROW(INDIRECT("'"&$B7&"'!$E$29:$E$45"))-ROW(INDIRECT("'"&$B7&"'!$E$29"))+1)/--(FIND("VERIFICACIÓN: ", INDIRECT("'"&$B7&"'!$E$29:$E$45"))), 0))))),0))<>0,INDEX(INDIRECT("'"&$B7&"'!$A$29:$G$45"),MAX((IFERROR((ROW(INDIRECT("'"&$B7&"'!$E$29:$E$45"))-ROW(INDIRECT("'"&$B7&"'!$E$29"))+1)/--(IF(INDIRECT("'"&$B7&"'!$E$29:$E$45")<>"",1,0)),0))-(IFERROR((ROW(INDIRECT("'"&$B7&"'!$E$29:$E$45"))-ROW(INDIRECT("'"&$B7&"'!$E$29"))+1)/--(FIND("VERIFICACIÓN: ", INDIRECT("'"&$B7&"'!$E$29:$E$45"))),0))),1),0))} -> 44875 | S7: No aplica | T7: {=IF(IF(MAX((IFERROR((ROW(INDIRECT("'"&$B7&"'!$F$29:$F$45"))-ROW(INDIRECT("'"&$B7&"'!$F$29"))+1)/--(IF(INDIRECT("'"&$B7&"'!$F$29:$F$45")<>"",1,0)),0))-(IFERROR((ROW(INDIRECT("'"&$B7&"'!$F$29:$F$45"))-ROW(INDIRECT("'"&$B7&"'!$F$29"))+1)/--(FIND("VERIFICACIÓN: ", INDIRECT("'"&$B7&"'!$F$29:$F$45"))),0)))<>0,INDEX(INDIRECT("'"&$B7&"'!$A$29:$G$45"),MAX((IFERROR((ROW(INDIRECT("'"&$B7&"'!$F$29:$F$45"))-ROW(INDIRECT("'"&$B7&"'!$F$29"))+1)/--(IF(INDIRECT("'"&$B7&"'!$F$29:$F$45")<>"",1,0)),0))-(IFERROR((ROW(INDIRECT("'"&$B7&"'!$F$29:$F$45"))-ROW(INDIRECT("'"&$B7&"'!$F$29"))+1)/--(FIND("VERIFICACIÓN: ", INDIRECT("'"&$B7&"'!$F$29:$F$45"))),0))),1),0)>IF(MAX(IFERROR((_xlfn._xlws.FILTER((ROW(INDIRECT("'"&$B7&"'!$E$29:$E$45"))-ROW(INDIRECT("'"&$B7&"'!$E$29"))+1)/--(IF(INDIRECT("'"&$B7&"'!$E$29:$E$45")<>"",1,0)), NOT(ISNUMBER(MATCH((ROW(INDIRECT("'"&$B7&"'!$E$29:$E$45"))-ROW(INDIRECT("'"&$B7&"'!$E$29"))+1)/--(IF(INDIRECT("'"&$B7&"'!$E$29:$E$45")<>"",1,0)), (ROW(INDIRECT("'"&$B7&"'!$E$29:$E$45"))-ROW(INDIRECT("'"&$B7&"'!$E$29"))+1)/--(FIND("VERIFICACIÓN: ", INDIRECT("'"&$B7&"'!$E$29:$E$45"))), 0))))),0))<>0,INDEX(INDIRECT("'"&$B7&"'!$A$29:$G$45"),MAX((IFERROR((ROW(INDIRECT("'"&$B7&"'!$E$29:$E$45"))-ROW(INDIRECT("'"&$B7&"'!$E$29"))+1)/--(IF(INDIRECT("'"&$B7&"'!$E$29:$E$45")<>"",1,0)),0))-(IFERROR((ROW(INDIRECT("'"&$B7&"'!$E$29:$E$45"))-ROW(INDIRECT("'"&$B7&"'!$E$29"))+1)/--(FIND("VERIFICACIÓN: ", INDIRECT("'"&$B7&"'!$E$29:$E$45"))),0))),1),0),IF(MAX((IFERROR((ROW(INDIRECT("'"&$B7&"'!$F$29:$F$45"))-ROW(INDIRECT("'"&$B7&"'!$F$29"))+1)/--(IF(INDIRECT("'"&$B7&"'!$F$29:$F$45")<>"",1,0)),0))-(IFERROR((ROW(INDIRECT("'"&$B7&"'!$F$29:$F$45"))-ROW(INDIRECT("'"&$B7&"'!$F$29"))+1)/--(FIND("VERIFICACIÓN: ", INDIRECT("'"&$B7&"'!$F$29:$F$45"))),0)))<>0,INDEX(INDIRECT("'"&$B7&"'!$A$29:$G$45"),MAX((IFERROR((ROW(INDIRECT("'"&$B7&"'!$F$29:$F$45"))-ROW(INDIRECT("'"&$B7&"'!$F$29"))+1)/--(IF(INDIRECT("'"&$B7&"'!$F$29:$F$45")<>"",1,0)),0))-(IFERROR((ROW(INDIRECT("'"&$B7&"'!$F$29:$F$45"))-ROW(INDIRECT("'"&$B7&"'!$F$29"))+1)/--(FIND("VERIFICACIÓN: ", INDIRECT("'"&$B7&"'!$F$29:$F$45"))),0))),6),"NO DISPONIBLE"),IF(MAX(IFERROR((_xlfn._xlws.FILTER((ROW(INDIRECT("'"&$B7&"'!$E$29:$E$45"))-ROW(INDIRECT("'"&$B7&"'!$E$29"))+1)/--(IF(INDIRECT("'"&$B7&"'!$E$29:$E$45")<>"",1,0)), NOT(ISNUMBER(MATCH((ROW(INDIRECT("'"&$B7&"'!$E$29:$E$45"))-ROW(INDIRECT("'"&$B7&"'!$E$29"))+1)/--(IF(INDIRECT("'"&$B7&"'!$E$29:$E$45")<>"",1,0)), (ROW(INDIRECT("'"&$B7&"'!$E$29:$E$45"))-ROW(INDIRECT("'"&$B7&"'!$E$29"))+1)/--(FIND("VERIFICACIÓN: ", INDIRECT("'"&$B7&"'!$E$29:$E$45"))), 0))))),0))<>0,INDEX(INDIRECT("'"&$B7&"'!$A$29:$G$45"),MAX((IFERROR((ROW(INDIRECT("'"&$B7&"'!$E$29:$E$45"))-ROW(INDIRECT("'"&$B7&"'!$E$29"))+1)/--(IF(INDIRECT("'"&$B7&"'!$E$29:$E$45")<>"",1,0)),0))-(IFERROR((ROW(INDIRECT("'"&$B7&"'!$E$29:$E$45"))-ROW(INDIRECT("'"&$B7&"'!$E$29"))+1)/--(FIND("VERIFICACIÓN: ", INDIRECT("'"&$B7&"'!$E$29:$E$45"))),0))),5),"NO DISPONIBLE"))} -> M221582 / COLETRO | U7: N/A | V7: {=IF((IFERROR(VLOOKUP(IFERROR(LOOKUP(2,1/((INDIRECT("'"&$B7&"'!$F$29:$F$45"))<>""),(INDIRECT("'"&$B7&"'!$F$29:$F$45"))),"NO DISPONIBLE"),CHOOSE({1,2},(INDIRECT("'"&$B7&"'!$F$29:$F$45")),(INDIRECT("'"&$B7&"'!$A$29:$A$45"))),2,0),0))>(IFERROR(VLOOKUP(IFERROR(LOOKUP(2,1/((INDIRECT("'"&$B7&"'!$E$29:$E$45"))<>""),(INDIRECT("'"&$B7&"'!$E$29:$E$45"))),"NO DISPONIBLE"),CHOOSE({1,2},(INDIRECT("'"&$B7&"'!$E$29:$E$45")),(INDIRECT("'"&$B7&"'!$A$29:$A$45"))),2,0),0)),(IFERROR(VLOOKUP(IFERROR(LOOKUP(2,1/((INDIRECT("'"&$B7&"'!$F$29:$F$45"))<>""),(INDIRECT("'"&$B7&"'!$F$29:$F$45"))),"NO DISPONIBLE"),CHOOSE({1,2},(INDIRECT("'"&$B7&"'!$F$29:$F$45")),(INDIRECT("'"&$B7&"'!$A$29:$A$45"))),2,0),0)),(IFERROR(VLOOKUP(IFERROR(LOOKUP(2,1/((INDIRECT("'"&$B7&"'!$E$29:$E$45"))<>""),(INDIRECT("'"&$B7&"'!$E$29:$E$45"))),"NO DISPONIBLE"),CHOOSE({1,2},(INDIRECT("'"&$B7&"'!$E$29:$E$45")),(INDIRECT("'"&$B7&"'!$A$29:$A$45"))),2,0),0)))} -> 44875 | W7: No aplica | X7: {=IF((IFERROR(VLOOKUP(IFERROR(LOOKUP(2,1/((INDIRECT("'"&$B7&"'!$E$29:$E$45"))<>""),(INDIRECT("'"&$B7&"'!$E$29:$E$45"))),"NO DISPONIBLE"),CHOOSE({1,2},(INDIRECT("'"&$B7&"'!$E$29:$E$45")),(INDIRECT("'"&$B7&"'!$A$29:$A$45"))),2,0),0))>(IFERROR(VLOOKUP(IFERROR(LOOKUP(2,1/((INDIRECT("'"&$B7&"'!$F$29:$F$45"))<>""),(INDIRECT("'"&$B7&"'!$F$29:$F$45"))),"NO DISPONIBLE"),CHOOSE({1,2},(INDIRECT("'"&$B7&"'!$F$29:$F$45")),(INDIRECT("'"&$B7&"'!$A$29:$A$45"))),2,0),0)),IFERROR(LOOKUP(2,1/((INDIRECT("'"&$B7&"'!$E$29:$E$45"))<>""),(INDIRECT("'"&$B7&"'!$E$29:$E$45"))),"NO DISPONIBLE"),IFERROR(LOOKUP(2,1/((INDIRECT("'"&$B7&"'!$F$29:$F$45"))<>""),(INDIRECT("'"&$B7&"'!$F$29:$F$45"))),"NO DISPONIBLE"))} -> M221582 / COLETRO | Y7: N/A | Z7: {=IF((IFERROR(VLOOKUP(IFERROR(LOOKUP(2,1/((INDIRECT("'"&$B7&"'!$D$29:$D$45"))<>""),(INDIRECT("'"&$B7&"'!$D$29:$D$45"))),"NO DISPONIBLE"),CHOOSE({1,2},(INDIRECT("'"&$B7&"'!$D$29:$D$45")),(INDIRECT("'"&$B7&"'!$A$29:$A$45"))),2,0),0))>(IFERROR(VLOOKUP(IFERROR(LOOKUP(2,1/((INDIRECT("'"&$B7&"'!$C$29:$C$45"))<>""),(INDIRECT("'"&$B7&"'!$C$29:$C$45"))),"NO DISPONIBLE"),CHOOSE({1,2},(INDIRECT("'"&$B7&"'!$C$29:$C$45")),(INDIRECT("'"&$B7&"'!$A$29:$A$45"))),2,0),0)),(IFERROR(VLOOKUP(IFERROR(LOOKUP(2,1/((INDIRECT("'"&$B7&"'!$D$29:$D$45"))<>""),(INDIRECT("'"&$B7&"'!$D$29:$D$45"))),"NO DISPONIBLE"),CHOOSE({1,2},(INDIRECT("'"&$B7&"'!$D$29:$D$45")),(INDIRECT("'"&$B7&"'!$A$29:$A$45"))),2,0),0)),(IFERROR(VLOOKUP(IFERROR(LOOKUP(2,1/((INDIRECT("'"&$B7&"'!$C$29:$C$45"))<>""),(INDIRECT("'"&$B7&"'!$C$29:$C$45"))),"NO DISPONIBLE"),CHOOSE({1,2},(INDIRECT("'"&$B7&"'!$C$29:$C$45")),(INDIRECT("'"&$B7&"'!$A$29:$A$45"))),2,0),0)))} -> 0 | AA7: No aplica | AB7: {=IF((IFERROR(VLOOKUP(IFERROR(LOOKUP(2,1/((INDIRECT("'"&$B7&"'!$C$29:$C$45"))<>""),(INDIRECT("'"&$B7&"'!$C$29:$C$45"))),"NO DISPONIBLE"),CHOOSE({1,2},(INDIRECT("'"&$B7&"'!$C$29:$C$45")),(INDIRECT("'"&$B7&"'!$A$29:$A$45"))),2,0),0))>(IFERROR(VLOOKUP(IFERROR(LOOKUP(2,1/((INDIRECT("'"&$B7&"'!$D$29:$D$45"))<>""),(INDIRECT("'"&$B7&"'!$D$29:$D$45"))),"NO DISPONIBLE"),CHOOSE({1,2},(INDIRECT("'"&$B7&"'!$D$29:$D$45")),(INDIRECT("'"&$B7&"'!$A$29:$A$45"))),2,0),0)),IFERROR(LOOKUP(2,1/((INDIRECT("'"&$B7&"'!$C$29:$C$45"))<>""),(INDIRECT("'"&$B7&"'!$C$29:$C$45"))),"NO DISPONIBLE"),IFERROR(LOOKUP(2,1/((INDIRECT("'"&$B7&"'!$D$29:$D$45"))<>""),(INDIRECT("'"&$B7&"'!$D$29:$D$45"))),"NO DISPONIBLE"))} -> NO DISPONIBLE | AC7: ASEGURAMIENTO
A8: MJM-007 | B8: {=INDIRECT("'"&$B8&"'!$A$6")} -> CINTA MÉTRICA | C8: {=INDIRECT("'"&$B8&"'!$G$14")} -> REDLINE | D8: {=INDIRECT("'"&$B8&"'!$G$15")} -> 264G5HA | E8: {=INDIRECT("'"&$B8&"'!$G$16")} -> 7807999356643 | F8: LABORATORIO 1 | G8: OPERATIVO | H8: {=INDIRECT("'"&$B8&"'!$G$11")} -> LONGITUD | I8: {=INDIRECT("'"&$B8&"'!$C$11")} -> MEDIA | J8: {=INDIRECT("'"&$B8&"'!$G$21")} -> 50 m | K8: {=INDIRECT("'"&$B8&"'!$G$22")} -> 1 mm | L8: {=INDIRECT("'"&$B8&"'!$G$23")} -> 1 mm | N8: {=INDIRECT("'"&$B8&"'!$G$22")} -> 1 mm | P8: {=IFERROR(LOOKUP(2,1/((INDIRECT("'"&$B8&"'!$G$29:$G$45"))<>""),(INDIRECT("'"&$B8&"'!$G$29:$G$45"))),"NO DISPONIBLE")} -> FUNCIONAL | Q8: 36 | R8: {=IF(IF(MAX((IFERROR((ROW(INDIRECT("'"&$B8&"'!$F$29:$F$45"))-ROW(INDIRECT("'"&$B8&"'!$F$29"))+1)/--(IF(INDIRECT("'"&$B8&"'!$F$29:$F$45")<>"",1,0)),0))-(IFERROR((ROW(INDIRECT("'"&$B8&"'!$F$29:$F$45"))-ROW(INDIRECT("'"&$B8&"'!$F$29"))+1)/--(FIND("VERIFICACIÓN: ", INDIRECT("'"&$B8&"'!$F$29:$F$45"))),0)))<>0,INDEX(INDIRECT("'"&$B8&"'!$A$29:$G$45"),MAX((IFERROR((ROW(INDIRECT("'"&$B8&"'!$F$29:$F$45"))-ROW(INDIRECT("'"&$B8&"'!$F$29"))+1)/--(IF(INDIRECT("'"&$B8&"'!$F$29:$F$45")<>"",1,0)),0))-(IFERROR((ROW(INDIRECT("'"&$B8&"'!$F$29:$F$45"))-ROW(INDIRECT("'"&$B8&"'!$F$29"))+1)/--(FIND("VERIFICACIÓN: ", INDIRECT("'"&$B8&"'!$F$29:$F$45"))),0))),1),0)>IF(MAX(IFERROR((_xlfn._xlws.FILTER((ROW(INDIRECT("'"&$B8&"'!$E$29:$E$45"))-ROW(INDIRECT("'"&$B8&"'!$E$29"))+1)/--(IF(INDIRECT("'"&$B8&"'!$E$29:$E$45")<>"",1,0)), NOT(ISNUMBER(MATCH((ROW(INDIRECT("'"&$B8&"'!$E$29:$E$45"))-ROW(INDIRECT("'"&$B8&"'!$E$29"))+1)/--(IF(INDIRECT("'"&$B8&"'!$E$29:$E$45")<>"",1,0)), (ROW(INDIRECT("'"&$B8&"'!$E$29:$E$45"))-ROW(INDIRECT("'"&$B8&"'!$E$29"))+1)/--(FIND("VERIFICACIÓN: ", INDIRECT("'"&$B8&"'!$E$29:$E$45"))), 0))))),0))<>0,INDEX(INDIRECT("'"&$B8&"'!$A$29:$G$45"),MAX((IFERROR((ROW(INDIRECT("'"&$B8&"'!$E$29:$E$45"))-ROW(INDIRECT("'"&$B8&"'!$E$29"))+1)/--(IF(INDIRECT("'"&$B8&"'!$E$29:$E$45")<>"",1,0)),0))-(IFERROR((ROW(INDIRECT("'"&$B8&"'!$E$29:$E$45"))-ROW(INDIRECT("'"&$B8&"'!$E$29"))+1)/--(FIND("VERIFICACIÓN: ", INDIRECT("'"&$B8&"'!$E$29:$E$45"))),0))),1),0),IF(MAX((IFERROR((ROW(INDIRECT("'"&$B8&"'!$F$29:$F$45"))-ROW(INDIRECT("'"&$B8&"'!$F$29"))+1)/--(IF(INDIRECT("'"&$B8&"'!$F$29:$F$45")<>"",1,0)),0))-(IFERROR((ROW(INDIRECT("'"&$B8&"'!$F$29:$F$45"))-ROW(INDIRECT("'"&$B8&"'!$F$29"))+1)/--(FIND("VERIFICACIÓN: ", INDIRECT("'"&$B8&"'!$F$29:$F$45"))),0)))<>0,INDEX(INDIRECT("'"&$B8&"'!$A$29:$G$45"),MAX((IFERROR((ROW(INDIRECT("'"&$B8&"'!$F$29:$F$45"))-ROW(INDIRECT("'"&$B8&"'!$F$29"))+1)/--(IF(INDIRECT("'"&$B8&"'!$F$29:$F$45")<>"",1,0)),0))-(IFERROR((ROW(INDIRECT("'"&$B8&"'!$F$29:$F$45"))-ROW(INDIRECT("'"&$B8&"'!$F$29"))+1)/--(FIND("VERIFICACIÓN: ", INDIRECT("'"&$B8&"'!$F$29:$F$45"))),0))),1),0),IF(MAX(IFERROR((_xlfn._xlws.FILTER((ROW(INDIRECT("'"&$B8&"'!$E$29:$E$45"))-ROW(INDIRECT("'"&$B8&"'!$E$29"))+1)/--(IF(INDIRECT("'"&$B8&"'!$E$29:$E$45")<>"",1,0)), NOT(ISNUMBER(MATCH((ROW(INDIRECT("'"&$B8&"'!$E$29:$E$45"))-ROW(INDIRECT("'"&$B8&"'!$E$29"))+1)/--(IF(INDIRECT("'"&$B8&"'!$E$29:$E$45")<>"",1,0)), (ROW(INDIRECT("'"&$B8&"'!$E$29:$E$45"))-ROW(INDIRECT("'"&$B8&"'!$E$29"))+1)/--(FIND("VERIFICACIÓN: ", INDIRECT("'"&$B8&"'!$E$29:$E$45"))), 0))))),0))<>0,INDEX(INDIRECT("'"&$B8&"'!$A$29:$G$45"),MAX((IFERROR((ROW(INDIRECT("'"&$B8&"'!$E$29:$E$45"))-ROW(INDIRECT("'"&$B8&"'!$E$29"))+1)/--(IF(INDIRECT("'"&$B8&"'!$E$29:$E$45")<>"",1,0)),0))-(IFERROR((ROW(INDIRECT("'"&$B8&"'!$E$29:$E$45"))-ROW(INDIRECT("'"&$B8&"'!$E$29"))+1)/--(FIND("VERIFICACIÓN: ", INDIRECT("'"&$B8&"'!$E$29:$E$45"))),0))),1),0))} -> 45634 | S8: Calibrado | T8: {=IF(IF(MAX((IFERROR((ROW(INDIRECT("'"&$B8&"'!$F$29:$F$45"))-ROW(INDIRECT("'"&$B8&"'!$F$29"))+1)/--(IF(INDIRECT("'"&$B8&"'!$F$29:$F$45")<>"",1,0)),0))-(IFERROR((ROW(INDIRECT("'"&$B8&"'!$F$29:$F$45"))-ROW(INDIRECT("'"&$B8&"'!$F$29"))+1)/--(FIND("VERIFICACIÓN: ", INDIRECT("'"&$B8&"'!$F$29:$F$45"))),0)))<>0,INDEX(INDIRECT("'"&$B8&"'!$A$29:$G$45"),MAX((IFERROR((ROW(INDIRECT("'"&$B8&"'!$F$29:$F$45"))-ROW(INDIRECT("'"&$B8&"'!$F$29"))+1)/--(IF(INDIRECT("'"&$B8&"'!$F$29:$F$45")<>"",1,0)),0))-(IFERROR((ROW(INDIRECT("'"&$B8&"'!$F$29:$F$45"))-ROW(INDIRECT("'"&$B8&"'!$F$29"))+1)/--(FIND("VERIFICACIÓN: ", INDIRECT("'"&$B8&"'!$F$29:$F$45"))),0))),1),0)>IF(MAX(IFERROR((_xlfn._xlws.FILTER((ROW(INDIRECT("'"&$B8&"'!$E$29:$E$45"))-ROW(INDIRECT("'"&$B8&"'!$E$29"))+1)/--(IF(INDIRECT("'"&$B8&"'!$E$29:$E$45")<>"",1,0)), NOT(ISNUMBER(MATCH((ROW(INDIRECT("'"&$B8&"'!$E$29:$E$45"))-ROW(INDIRECT("'"&$B8&"'!$E$29"))+1)/--(IF(INDIRECT("'"&$B8&"'!$E$29:$E$45")<>"",1,0)), (ROW(INDIRECT("'"&$B8&"'!$E$29:$E$45"))-ROW(INDIRECT("'"&$B8&"'!$E$29"))+1)/--(FIND("VERIFICACIÓN: ", INDIRECT("'"&$B8&"'!$E$29:$E$45"))), 0))))),0))<>0,INDEX(INDIRECT("'"&$B8&"'!$A$29:$G$45"),MAX((IFERROR((ROW(INDIRECT("'"&$B8&"'!$E$29:$E$45"))-ROW(INDIRECT("'"&$B8&"'!$E$29"))+1)/--(IF(INDIRECT("'"&$B8&"'!$E$29:$E$45")<>"",1,0)),0))-(IFERROR((ROW(INDIRECT("'"&$B8&"'!$E$29:$E$45"))-ROW(INDIRECT("'"&$B8&"'!$E$29"))+1)/--(FIND("VERIFICACIÓN: ", INDIRECT("'"&$B8&"'!$E$29:$E$45"))),0))),1),0),IF(MAX((IFERROR((ROW(INDIRECT("'"&$B8&"'!$F$29:$F$45"))-ROW(INDIRECT("'"&$B8&"'!$F$29"))+1)/--(IF(INDIRECT("'"&$B8&"'!$F$29:$F$45")<>"",1,0)),0))-(IFERROR((ROW(INDIRECT("'"&$B8&"'!$F$29:$F$45"))-ROW(INDIRECT("'"&$B8&"'!$F$29"))+1)/--(FIND("VERIFICACIÓN: ", INDIRECT("'"&$B8&"'!$F$29:$F$45"))),0)))<>0,INDEX(INDIRECT("'"&$B8&"'!$A$29:$G$45"),MAX((IFERROR((ROW(INDIRECT("'"&$B8&"'!$F$29:$F$45"))-ROW(INDIRECT("'"&$B8&"'!$F$29"))+1)/--(IF(INDIRECT("'"&$B8&"'!$F$29:$F$45")<>"",1,0)),0))-(IFERROR((ROW(INDIRECT("'"&$B8&"'!$F$29:$F$45"))-ROW(INDIRECT("'"&$B8&"'!$F$29"))+1)/--(FIND("VERIFICACIÓN: ", INDIRECT("'"&$B8&"'!$F$29:$F$45"))),0))),6),"NO DISPONIBLE"),IF(MAX(IFERROR((_xlfn._xlws.FILTER((ROW(INDIRECT("'"&$B8&"'!$E$29:$E$45"))-ROW(INDIRECT("'"&$B8&"'!$E$29"))+1)/--(IF(INDIRECT("'"&$B8&"'!$E$29:$E$45")<>"",1,0)), NOT(ISNUMBER(MATCH((ROW(INDIRECT("'"&$B8&"'!$E$29:$E$45"))-ROW(INDIRECT("'"&$B8&"'!$E$29"))+1)/--(IF(INDIRECT("'"&$B8&"'!$E$29:$E$45")<>"",1,0)), (ROW(INDIRECT("'"&$B8&"'!$E$29:$E$45"))-ROW(INDIRECT("'"&$B8&"'!$E$29"))+1)/--(FIND("VERIFICACIÓN: ", INDIRECT("'"&$B8&"'!$E$29:$E$45"))), 0))))),0))<>0,INDEX(INDIRECT("'"&$B8&"'!$A$29:$G$45"),MAX((IFERROR((ROW(INDIRECT("'"&$B8&"'!$E$29:$E$45"))-ROW(INDIRECT("'"&$B8&"'!$E$29"))+1)/--(IF(INDIRECT("'"&$B8&"'!$E$29:$E$45")<>"",1,0)),0))-(IFERROR((ROW(INDIRECT("'"&$B8&"'!$E$29:$E$45"))-ROW(INDIRECT("'"&$B8&"'!$E$29"))+1)/--(FIND("VERIFICACIÓN: ", INDIRECT("'"&$B8&"'!$E$29:$E$45"))),0))),5),"NO DISPONIBLE"))} -> MJM | U8: 12 | V8: {=IF((IFERROR(VLOOKUP(IFERROR(LOOKUP(2,1/((INDIRECT("'"&$B8&"'!$F$29:$F$45"))<>""),(INDIRECT("'"&$B8&"'!$F$29:$F$45"))),"NO DISPONIBLE"),CHOOSE({1,2},(INDIRECT("'"&$B8&"'!$F$29:$F$45")),(INDIRECT("'"&$B8&"'!$A$29:$A$45"))),2,0),0))>(IFERROR(VLOOKUP(IFERROR(LOOKUP(2,1/((INDIRECT("'"&$B8&"'!$E$29:$E$45"))<>""),(INDIRECT("'"&$B8&"'!$E$29:$E$45"))),"NO DISPONIBLE"),CHOOSE({1,2},(INDIRECT("'"&$B8&"'!$E$29:$E$45")),(INDIRECT("'"&$B8&"'!$A$29:$A$45"))),2,0),0)),(IFERROR(VLOOKUP(IFERROR(LOOKUP(2,1/((INDIRECT("'"&$B8&"'!$F$29:$F$45"))<>""),(INDIRECT("'"&$B8&"'!$F$29:$F$45"))),"NO DISPONIBLE"),CHOOSE({1,2},(INDIRECT("'"&$B8&"'!$F$29:$F$45")),(INDIRECT("'"&$B8&"'!$A$29:$A$45"))),2,0),0)),(IFERROR(VLOOKUP(IFERROR(LOOKUP(2,1/((INDIRECT("'"&$B8&"'!$E$29:$E$45"))<>""),(INDIRECT("'"&$B8&"'!$E$29:$E$45"))),"NO DISPONIBLE"),CHOOSE({1,2},(INDIRECT("'"&$B8&"'!$E$29:$E$45")),(INDIRECT("'"&$B8&"'!$A$29:$A$45"))),2,0),0)))} -> 45634 | W8: Sin verificar | X8: {=IF((IFERROR(VLOOKUP(IFERROR(LOOKUP(2,1/((INDIRECT("'"&$B8&"'!$E$29:$E$45"))<>""),(INDIRECT("'"&$B8&"'!$E$29:$E$45"))),"NO DISPONIBLE"),CHOOSE({1,2},(INDIRECT("'"&$B8&"'!$E$29:$E$45")),(INDIRECT("'"&$B8&"'!$A$29:$A$45"))),2,0),0))>(IFERROR(VLOOKUP(IFERROR(LOOKUP(2,1/((INDIRECT("'"&$B8&"'!$F$29:$F$45"))<>""),(INDIRECT("'"&$B8&"'!$F$29:$F$45"))),"NO DISPONIBLE"),CHOOSE({1,2},(INDIRECT("'"&$B8&"'!$F$29:$F$45")),(INDIRECT("'"&$B8&"'!$A$29:$A$45"))),2,0),0)),IFERROR(LOOKUP(2,1/((INDIRECT("'"&$B8&"'!$E$29:$E$45"))<>""),(INDIRECT("'"&$B8&"'!$E$29:$E$45"))),"NO DISPONIBLE"),IFERROR(LOOKUP(2,1/((INDIRECT("'"&$B8&"'!$F$29:$F$45"))<>""),(INDIRECT("'"&$B8&"'!$F$29:$F$45"))),"NO DISPONIBLE"))} -> MJM | Y8: 36 | Z8: {=IF((IFERROR(VLOOKUP(IFERROR(LOOKUP(2,1/((INDIRECT("'"&$B8&"'!$D$29:$D$45"))<>""),(INDIRECT("'"&$B8&"'!$D$29:$D$45"))),"NO DISPONIBLE"),CHOOSE({1,2},(INDIRECT("'"&$B8&"'!$D$29:$D$45")),(INDIRECT("'"&$B8&"'!$A$29:$A$45"))),2,0),0))>(IFERROR(VLOOKUP(IFERROR(LOOKUP(2,1/((INDIRECT("'"&$B8&"'!$C$29:$C$45"))<>""),(INDIRECT("'"&$B8&"'!$C$29:$C$45"))),"NO DISPONIBLE"),CHOOSE({1,2},(INDIRECT("'"&$B8&"'!$C$29:$C$45")),(INDIRECT("'"&$B8&"'!$A$29:$A$45"))),2,0),0)),(IFERROR(VLOOKUP(IFERROR(LOOKUP(2,1/((INDIRECT("'"&$B8&"'!$D$29:$D$45"))<>""),(INDIRECT("'"&$B8&"'!$D$29:$D$45"))),"NO DISPONIBLE"),CHOOSE({1,2},(INDIRECT("'"&$B8&"'!$D$29:$D$45")),(INDIRECT("'"&$B8&"'!$A$29:$A$45"))),2,0),0)),(IFERROR(VLOOKUP(IFERROR(LOOKUP(2,1/((INDIRECT("'"&$B8&"'!$C$29:$C$45"))<>""),(INDIRECT("'"&$B8&"'!$C$29:$C$45"))),"NO DISPONIBLE"),CHOOSE({1,2},(INDIRECT("'"&$B8&"'!$C$29:$C$45")),(INDIRECT("'"&$B8&"'!$A$29:$A$45"))),2,0),0)))} -> 44862 | AA8: Sin mantenimiento | AB8: {=IF((IFERROR(VLOOKUP(IFERROR(LOOKUP(2,1/((INDIRECT("'"&$B8&"'!$C$29:$C$45"))<>""),(INDIRECT("'"&$B8&"'!$C$29:$C$45"))),"NO DISPONIBLE"),CHOOSE({1,2},(INDIRECT("'"&$B8&"'!$C$29:$C$45")),(INDIRECT("'"&$B8&"'!$A$29:$A$45"))),2,0),0))>(IFERROR(VLOOKUP(IFERROR(LOOKUP(2,1/((INDIRECT("'"&$B8&"'!$D$29:$D$45"))<>""),(INDIRECT("'"&$B8&"'!$D$29:$D$45"))),"NO DISPONIBLE"),CHOOSE({1,2},(INDIRECT("'"&$B8&"'!$D$29:$D$45")),(INDIRECT("'"&$B8&"'!$A$29:$A$45"))),2,0),0)),IFERROR(LOOKUP(2,1/((INDIRECT("'"&$B8&"'!$C$29:$C$45"))<>""),(INDIRECT("'"&$B8&"'!$C$29:$C$45"))),"NO DISPONIBLE"),IFERROR(LOOKUP(2,1/((INDIRECT("'"&$B8&"'!$D$29:$D$45"))<>""),(INDIRECT("'"&$B8&"'!$D$29:$D$45"))),"NO DISPONIBLE"))} -> NUEVO | AC8: ASEGURAMIENTO
A9: MJM-008 | B9: {=INDIRECT("'"&$B9&"'!$A$6")} -> PINZA VOLTIAMPERIMETRICA | C9: {=INDIRECT("'"&$B9&"'!$G$14")} -> UNI-T | D9: {=INDIRECT("'"&$B9&"'!$G$15")} -> UT203 | E9: {=INDIRECT("'"&$B9&"'!$G$16")} -> 1131013341 | F9: LABORATORIO 1 | G9: OPERATIVO | H9: {=INDIRECT("'"&$B9&"'!$G$11")} -> ELÉCTRICAS | I9: {=INDIRECT("'"&$B9&"'!$C$11")} -> ALTA | J9: {=INDIRECT("'"&$B9&"'!$G$21")} -> 400 A | K9: {=INDIRECT("'"&$B9&"'!$G$22")} -> 10 mA | L9: {=INDIRECT("'"&$B9&"'!$G$23")} -> 10 mA | N9: {=INDIRECT("'"&$B9&"'!$G$22")} -> 10 mA | P9: {=IFERROR(LOOKUP(2,1/((INDIRECT("'"&$B9&"'!$G$29:$G$45"))<>""),(INDIRECT("'"&$B9&"'!$G$29:$G$45"))),"NO DISPONIBLE")} -> FUNCIONAL | Q9: 36 | R9: {=IF(IF(MAX((IFERROR((ROW(INDIRECT("'"&$B9&"'!$F$29:$F$45"))-ROW(INDIRECT("'"&$B9&"'!$F$29"))+1)/--(IF(INDIRECT("'"&$B9&"'!$F$29:$F$45")<>"",1,0)),0))-(IFERROR((ROW(INDIRECT("'"&$B9&"'!$F$29:$F$45"))-ROW(INDIRECT("'"&$B9&"'!$F$29"))+1)/--(FIND("VERIFICACIÓN: ", INDIRECT("'"&$B9&"'!$F$29:$F$45"))),0)))<>0,INDEX(INDIRECT("'"&$B9&"'!$A$29:$G$45"),MAX((IFERROR((ROW(INDIRECT("'"&$B9&"'!$F$29:$F$45"))-ROW(INDIRECT("'"&$B9&"'!$F$29"))+1)/--(IF(INDIRECT("'"&$B9&"'!$F$29:$F$45")<>"",1,0)),0))-(IFERROR((ROW(INDIRECT("'"&$B9&"'!$F$29:$F$45"))-ROW(INDIRECT("'"&$B9&"'!$F$29"))+1)/--(FIND("VERIFICACIÓN: ", INDIRECT("'"&$B9&"'!$F$29:$F$45"))),0))),1),0)>IF(MAX(IFERROR((_xlfn._xlws.FILTER((ROW(INDIRECT("'"&$B9&"'!$E$29:$E$45"))-ROW(INDIRECT("'"&$B9&"'!$E$29"))+1)/--(IF(INDIRECT("'"&$B9&"'!$E$29:$E$45")<>"",1,0)), NOT(ISNUMBER(MATCH((ROW(INDIRECT("'"&$B9&"'!$E$29:$E$45"))-ROW(INDIRECT("'"&$B9&"'!$E$29"))+1)/--(IF(INDIRECT("'"&$B9&"'!$E$29:$E$45")<>"",1,0)), (ROW(INDIRECT("'"&$B9&"'!$E$29:$E$45"))-ROW(INDIRECT("'"&$B9&"'!$E$29"))+1)/--(FIND("VERIFICACIÓN: ", INDIRECT("'"&$B9&"'!$E$29:$E$45"))), 0))))),0))<>0,INDEX(INDIRECT("'"&$B9&"'!$A$29:$G$45"),MAX((IFERROR((ROW(INDIRECT("'"&$B9&"'!$E$29:$E$45"))-ROW(INDIRECT("'"&$B9&"'!$E$29"))+1)/--(IF(INDIRECT("'"&$B9&"'!$E$29:$E$45")<>"",1,0)),0))-(IFERROR((ROW(INDIRECT("'"&$B9&"'!$E$29:$E$45"))-ROW(INDIRECT("'"&$B9&"'!$E$29"))+1)/--(FIND("VERIFICACIÓN: ", INDIRECT("'"&$B9&"'!$E$29:$E$45"))),0))),1),0),IF(MAX((IFERROR((ROW(INDIRECT("'"&$B9&"'!$F$29:$F$45"))-ROW(INDIRECT("'"&$B9&"'!$F$29"))+1)/--(IF(INDIRECT("'"&$B9&"'!$F$29:$F$45")<>"",1,0)),0))-(IFERROR((ROW(INDIRECT("'"&$B9&"'!$F$29:$F$45"))-ROW(INDIRECT("'"&$B9&"'!$F$29"))+1)/--(FIND("VERIFICACIÓN: ", INDIRECT("'"&$B9&"'!$F$29:$F$45"))),0)))<>0,INDEX(INDIRECT("'"&$B9&"'!$A$29:$G$45"),MAX((IFERROR((ROW(INDIRECT("'"&$B9&"'!$F$29:$F$45"))-ROW(INDIRECT("'"&$B9&"'!$F$29"))+1)/--(IF(INDIRECT("'"&$B9&"'!$F$29:$F$45")<>"",1,0)),0))-(IFERROR((ROW(INDIRECT("'"&$B9&"'!$F$29:$F$45"))-ROW(INDIRECT("'"&$B9&"'!$F$29"))+1)/--(FIND("VERIFICACIÓN: ", INDIRECT("'"&$B9&"'!$F$29:$F$45"))),0))),1),0),IF(MAX(IFERROR((_xlfn._xlws.FILTER((ROW(INDIRECT("'"&$B9&"'!$E$29:$E$45"))-ROW(INDIRECT("'"&$B9&"'!$E$29"))+1)/--(IF(INDIRECT("'"&$B9&"'!$E$29:$E$45")<>"",1,0)), NOT(ISNUMBER(MATCH((ROW(INDIRECT("'"&$B9&"'!$E$29:$E$45"))-ROW(INDIRECT("'"&$B9&"'!$E$29"))+1)/--(IF(INDIRECT("'"&$B9&"'!$E$29:$E$45")<>"",1,0)), (ROW(INDIRECT("'"&$B9&"'!$E$29:$E$45"))-ROW(INDIRECT("'"&$B9&"'!$E$29"))+1)/--(FIND("VERIFICACIÓN: ", INDIRECT("'"&$B9&"'!$E$29:$E$45"))), 0))))),0))<>0,INDEX(INDIRECT("'"&$B9&"'!$A$29:$G$45"),MAX((IFERROR((ROW(INDIRECT("'"&$B9&"'!$E$29:$E$45"))-ROW(INDIRECT("'"&$B9&"'!$E$29"))+1)/--(IF(INDIRECT("'"&$B9&"'!$E$29:$E$45")<>"",1,0)),0))-(IFERROR((ROW(INDIRECT("'"&$B9&"'!$E$29:$E$45"))-ROW(INDIRECT("'"&$B9&"'!$E$29"))+1)/--(FIND("VERIFICACIÓN: ", INDIRECT("'"&$B9&"'!$E$29:$E$45"))),0))),1),0))} -> 45636 | S9: Calibrado | T9: {=IF(IF(MAX((IFERROR((ROW(INDIRECT("'"&$B9&"'!$F$29:$F$45"))-ROW(INDIRECT("'"&$B9&"'!$F$29"))+1)/--(IF(INDIRECT("'"&$B9&"'!$F$29:$F$45")<>"",1,0)),0))-(IFERROR((ROW(INDIRECT("'"&$B9&"'!$F$29:$F$45"))-ROW(INDIRECT("'"&$B9&"'!$F$29"))+1)/--(FIND("VERIFICACIÓN: ", INDIRECT("'"&$B9&"'!$F$29:$F$45"))),0)))<>0,INDEX(INDIRECT("'"&$B9&"'!$A$29:$G$45"),MAX((IFERROR((ROW(INDIRECT("'"&$B9&"'!$F$29:$F$45"))-ROW(INDIRECT("'"&$B9&"'!$F$29"))+1)/--(IF(INDIRECT("'"&$B9&"'!$F$29:$F$45")<>"",1,0)),0))-(IFERROR((ROW(INDIRECT("'"&$B9&"'!$F$29:$F$45"))-ROW(INDIRECT("'"&$B9&"'!$F$29"))+1)/--(FIND("VERIFICACIÓN: ", INDIRECT("'"&$B9&"'!$F$29:$F$45"))),0))),1),0)>IF(MAX(IFERROR((_xlfn._xlws.FILTER((ROW(INDIRECT("'"&$B9&"'!$E$29:$E$45"))-ROW(INDIRECT("'"&$B9&"'!$E$29"))+1)/--(IF(INDIRECT("'"&$B9&"'!$E$29:$E$45")<>"",1,0)), NOT(ISNUMBER(MATCH((ROW(INDIRECT("'"&$B9&"'!$E$29:$E$45"))-ROW(INDIRECT("'"&$B9&"'!$E$29"))+1)/--(IF(INDIRECT("'"&$B9&"'!$E$29:$E$45")<>"",1,0)), (ROW(INDIRECT("'"&$B9&"'!$E$29:$E$45"))-ROW(INDIRECT("'"&$B9&"'!$E$29"))+1)/--(FIND("VERIFICACIÓN: ", INDIRECT("'"&$B9&"'!$E$29:$E$45"))), 0))))),0))<>0,INDEX(INDIRECT("'"&$B9&"'!$A$29:$G$45"),MAX((IFERROR((ROW(INDIRECT("'"&$B9&"'!$E$29:$E$45"))-ROW(INDIRECT("'"&$B9&"'!$E$29"))+1)/--(IF(INDIRECT("'"&$B9&"'!$E$29:$E$45")<>"",1,0)),0))-(IFERROR((ROW(INDIRECT("'"&$B9&"'!$E$29:$E$45"))-ROW(INDIRECT("'"&$B9&"'!$E$29"))+1)/--(FIND("VERIFICACIÓN: ", INDIRECT("'"&$B9&"'!$E$29:$E$45"))),0))),1),0),IF(MAX((IFERROR((ROW(INDIRECT("'"&$B9&"'!$F$29:$F$45"))-ROW(INDIRECT("'"&$B9&"'!$F$29"))+1)/--(IF(INDIRECT("'"&$B9&"'!$F$29:$F$45")<>"",1,0)),0))-(IFERROR((ROW(INDIRECT("'"&$B9&"'!$F$29:$F$45"))-ROW(INDIRECT("'"&$B9&"'!$F$29"))+1)/--(FIND("VERIFICACIÓN: ", INDIRECT("'"&$B9&"'!$F$29:$F$45"))),0)))<>0,INDEX(INDIRECT("'"&$B9&"'!$A$29:$G$45"),MAX((IFERROR((ROW(INDIRECT("'"&$B9&"'!$F$29:$F$45"))-ROW(INDIRECT("'"&$B9&"'!$F$29"))+1)/--(IF(INDIRECT("'"&$B9&"'!$F$29:$F$45")<>"",1,0)),0))-(IFERROR((ROW(INDIRECT("'"&$B9&"'!$F$29:$F$45"))-ROW(INDIRECT("'"&$B9&"'!$F$29"))+1)/--(FIND("VERIFICACIÓN: ", INDIRECT("'"&$B9&"'!$F$29:$F$45"))),0))),6),"NO DISPONIBLE"),IF(MAX(IFERROR((_xlfn._xlws.FILTER((ROW(INDIRECT("'"&$B9&"'!$E$29:$E$45"))-ROW(INDIRECT("'"&$B9&"'!$E$29"))+1)/--(IF(INDIRECT("'"&$B9&"'!$E$29:$E$45")<>"",1,0)), NOT(ISNUMBER(MATCH((ROW(INDIRECT("'"&$B9&"'!$E$29:$E$45"))-ROW(INDIRECT("'"&$B9&"'!$E$29"))+1)/--(IF(INDIRECT("'"&$B9&"'!$E$29:$E$45")<>"",1,0)), (ROW(INDIRECT("'"&$B9&"'!$E$29:$E$45"))-ROW(INDIRECT("'"&$B9&"'!$E$29"))+1)/--(FIND("VERIFICACIÓN: ", INDIRECT("'"&$B9&"'!$E$29:$E$45"))), 0))))),0))<>0,INDEX(INDIRECT("'"&$B9&"'!$A$29:$G$45"),MAX((IFERROR((ROW(INDIRECT("'"&$B9&"'!$E$29:$E$45"))-ROW(INDIRECT("'"&$B9&"'!$E$29"))+1)/--(IF(INDIRECT("'"&$B9&"'!$E$29:$E$45")<>"",1,0)),0))-(IFERROR((ROW(INDIRECT("'"&$B9&"'!$E$29:$E$45"))-ROW(INDIRECT("'"&$B9&"'!$E$29"))+1)/--(FIND("VERIFICACIÓN: ", INDIRECT("'"&$B9&"'!$E$29:$E$45"))),0))),5),"NO DISPONIBLE"))} -> MJM | U9: 12 | V9: {=IF((IFERROR(VLOOKUP(IFERROR(LOOKUP(2,1/((INDIRECT("'"&$B9&"'!$F$29:$F$45"))<>""),(INDIRECT("'"&$B9&"'!$F$29:$F$45"))),"NO DISPONIBLE"),CHOOSE({1,2},(INDIRECT("'"&$B9&"'!$F$29:$F$45")),(INDIRECT("'"&$B9&"'!$A$29:$A$45"))),2,0),0))>(IFERROR(VLOOKUP(IFERROR(LOOKUP(2,1/((INDIRECT("'"&$B9&"'!$E$29:$E$45"))<>""),(INDIRECT("'"&$B9&"'!$E$29:$E$45"))),"NO DISPONIBLE"),CHOOSE({1,2},(INDIRECT("'"&$B9&"'!$E$29:$E$45")),(INDIRECT("'"&$B9&"'!$A$29:$A$45"))),2,0),0)),(IFERROR(VLOOKUP(IFERROR(LOOKUP(2,1/((INDIRECT("'"&$B9&"'!$F$29:$F$45"))<>""),(INDIRECT("'"&$B9&"'!$F$29:$F$45"))),"NO DISPONIBLE"),CHOOSE({1,2},(INDIRECT("'"&$B9&"'!$F$29:$F$45")),(INDIRECT("'"&$B9&"'!$A$29:$A$45"))),2,0),0)),(IFERROR(VLOOKUP(IFERROR(LOOKUP(2,1/((INDIRECT("'"&$B9&"'!$E$29:$E$45"))<>""),(INDIRECT("'"&$B9&"'!$E$29:$E$45"))),"NO DISPONIBLE"),CHOOSE({1,2},(INDIRECT("'"&$B9&"'!$E$29:$E$45")),(INDIRECT("'"&$B9&"'!$A$29:$A$45"))),2,0),0)))} -> 45636 | W9: Sin verificar | X9: {=IF((IFERROR(VLOOKUP(IFERROR(LOOKUP(2,1/((INDIRECT("'"&$B9&"'!$E$29:$E$45"))<>""),(INDIRECT("'"&$B9&"'!$E$29:$E$45"))),"NO DISPONIBLE"),CHOOSE({1,2},(INDIRECT("'"&$B9&"'!$E$29:$E$45")),(INDIRECT("'"&$B9&"'!$A$29:$A$45"))),2,0),0))>(IFERROR(VLOOKUP(IFERROR(LOOKUP(2,1/((INDIRECT("'"&$B9&"'!$F$29:$F$45"))<>""),(INDIRECT("'"&$B9&"'!$F$29:$F$45"))),"NO DISPONIBLE"),CHOOSE({1,2},(INDIRECT("'"&$B9&"'!$F$29:$F$45")),(INDIRECT("'"&$B9&"'!$A$29:$A$45"))),2,0),0)),IFERROR(LOOKUP(2,1/((INDIRECT("'"&$B9&"'!$E$29:$E$45"))<>""),(INDIRECT("'"&$B9&"'!$E$29:$E$45"))),"NO DISPONIBLE"),IFERROR(LOOKUP(2,1/((INDIRECT("'"&$B9&"'!$F$29:$F$45"))<>""),(INDIRECT("'"&$B9&"'!$F$29:$F$45"))),"NO DISPONIBLE"))} -> MJM | Y9: 36 | Z9: {=IF((IFERROR(VLOOKUP(IFERROR(LOOKUP(2,1/((INDIRECT("'"&$B9&"'!$D$29:$D$45"))<>""),(INDIRECT("'"&$B9&"'!$D$29:$D$45"))),"NO DISPONIBLE"),CHOOSE({1,2},(INDIRECT("'"&$B9&"'!$D$29:$D$45")),(INDIRECT("'"&$B9&"'!$A$29:$A$45"))),2,0),0))>(IFERROR(VLOOKUP(IFERROR(LOOKUP(2,1/((INDIRECT("'"&$B9&"'!$C$29:$C$45"))<>""),(INDIRECT("'"&$B9&"'!$C$29:$C$45"))),"NO DISPONIBLE"),CHOOSE({1,2},(INDIRECT("'"&$B9&"'!$C$29:$C$45")),(INDIRECT("'"&$B9&"'!$A$29:$A$45"))),2,0),0)),(IFERROR(VLOOKUP(IFERROR(LOOKUP(2,1/((INDIRECT("'"&$B9&"'!$D$29:$D$45"))<>""),(INDIRECT("'"&$B9&"'!$D$29:$D$45"))),"NO DISPONIBLE"),CHOOSE({1,2},(INDIRECT("'"&$B9&"'!$D$29:$D$45")),(INDIRECT("'"&$B9&"'!$A$29:$A$45"))),2,0),0)),(IFERROR(VLOOKUP(IFERROR(LOOKUP(2,1/((INDIRECT("'"&$B9&"'!$C$29:$C$45"))<>""),(INDIRECT("'"&$B9&"'!$C$29:$C$45"))),"NO DISPONIBLE"),CHOOSE({1,2},(INDIRECT("'"&$B9&"'!$C$29:$C$45")),(INDIRECT("'"&$B9&"'!$A$29:$A$45"))),2,0),0)))} -> 45636 | AA9: Ejecutado | AB9: {=IF((IFERROR(VLOOKUP(IFERROR(LOOKUP(2,1/((INDIRECT("'"&$B9&"'!$C$29:$C$45"))<>""),(INDIRECT("'"&$B9&"'!$C$29:$C$45"))),"NO DISPONIBLE"),CHOOSE({1,2},(INDIRECT("'"&$B9&"'!$C$29:$C$45")),(INDIRECT("'"&$B9&"'!$A$29:$A$45"))),2,0),0))>(IFERROR(VLOOKUP(IFERROR(LOOKUP(2,1/((INDIRECT("'"&$B9&"'!$D$29:$D$45"))<>""),(INDIRECT("'"&$B9&"'!$D$29:$D$45"))),"NO DISPONIBLE"),CHOOSE({1,2},(INDIRECT("'"&$B9&"'!$D$29:$D$45")),(INDIRECT("'"&$B9&"'!$A$29:$A$45"))),2,0),0)),IFERROR(LOOKUP(2,1/((INDIRECT("'"&$B9&"'!$C$29:$C$45"))<>""),(INDIRECT("'"&$B9&"'!$C$29:$C$45"))),"NO DISPONIBLE"),IFERROR(LOOKUP(2,1/((INDIRECT("'"&$B9&"'!$D$29:$D$45"))<>""),(INDIRECT("'"&$B9&"'!$D$29:$D$45"))),"NO DISPONIBLE"))} -> MJM | AC9: ASEGURAMIENTO
A10: MJM-009 | B10: {=INDIRECT("'"&$B10&"'!$A$6")} -> MULTÍMETRO DIGITAL | C10: {=INDIRECT("'"&$B10&"'!$G$14")} -> WURTH | D10: {=INDIRECT("'"&$B10&"'!$G$15")} -> ART.0715 53 371 | E10: {=INDIRECT("'"&$B10&"'!$G$16")} -> 20121668 | F10: LABORATORIO 1 | G10: OPERATIVO | H10: {=INDIRECT("'"&$B10&"'!$G$11")} -> ELÉCTRICAS | I10: {=INDIRECT("'"&$B10&"'!$C$11")} -> ALTA | J10: {=INDIRECT("'"&$B10&"'!$G$21")} -> 1000 V | K10: {=INDIRECT("'"&$B10&"'!$G$22")} -> 1 mV | L10: {=INDIRECT("'"&$B10&"'!$G$23")} -> 1 mV | N10: {=INDIRECT("'"&$B10&"'!$G$22")} -> 1 mV | P10: {=IFERROR(LOOKUP(2,1/((INDIRECT("'"&$B10&"'!$G$29:$G$45"))<>""),(INDIRECT("'"&$B10&"'!$G$29:$G$45"))),"NO DISPONIBLE")} -> FUNCIONAL | Q10: 36 | R10: {=IF(IF(MAX((IFERROR((ROW(INDIRECT("'"&$B10&"'!$F$29:$F$45"))-ROW(INDIRECT("'"&$B10&"'!$F$29"))+1)/--(IF(INDIRECT("'"&$B10&"'!$F$29:$F$45")<>"",1,0)),0))-(IFERROR((ROW(INDIRECT("'"&$B10&"'!$F$29:$F$45"))-ROW(INDIRECT("'"&$B10&"'!$F$29"))+1)/--(FIND("VERIFICACIÓN: ", INDIRECT("'"&$B10&"'!$F$29:$F$45"))),0)))<>0,INDEX(INDIRECT("'"&$B10&"'!$A$29:$G$45"),MAX((IFERROR((ROW(INDIRECT("'"&$B10&"'!$F$29:$F$45"))-ROW(INDIRECT("'"&$B10&"'!$F$29"))+1)/--(IF(INDIRECT("'"&$B10&"'!$F$29:$F$45")<>"",1,0)),0))-(IFERROR((ROW(INDIRECT("'"&$B10&"'!$F$29:$F$45"))-ROW(INDIRECT("'"&$B10&"'!$F$29"))+1)/--(FIND("VERIFICACIÓN: ", INDIRECT("'"&$B10&"'!$F$29:$F$45"))),0))),1),0)>IF(MAX(IFERROR((_xlfn._xlws.FILTER((ROW(INDIRECT("'"&$B10&"'!$E$29:$E$45"))-ROW(INDIRECT("'"&$B10&"'!$E$29"))+1)/--(IF(INDIRECT("'"&$B10&"'!$E$29:$E$45")<>"",1,0)), NOT(ISNUMBER(MATCH((ROW(INDIRECT("'"&$B10&"'!$E$29:$E$45"))-ROW(INDIRECT("'"&$B10&"'!$E$29"))+1)/--(IF(INDIRECT("'"&$B10&"'!$E$29:$E$45")<>"",1,0)), (ROW(INDIRECT("'"&$B10&"'!$E$29:$E$45"))-ROW(INDIRECT("'"&$B10&"'!$E$29"))+1)/--(FIND("VERIFICACIÓN: ", INDIRECT("'"&$B10&"'!$E$29:$E$45"))), 0))))),0))<>0,INDEX(INDIRECT("'"&$B10&"'!$A$29:$G$45"),MAX((IFERROR((ROW(INDIRECT("'"&$B10&"'!$E$29:$E$45"))-ROW(INDIRECT("'"&$B10&"'!$E$29"))+1)/--(IF(INDIRECT("'"&$B10&"'!$E$29:$E$45")<>"",1,0)),0))-(IFERROR((ROW(INDIRECT("'"&$B10&"'!$E$29:$E$45"))-ROW(INDIRECT("'"&$B10&"'!$E$29"))+1)/--(FIND("VERIFICACIÓN: ", INDIRECT("'"&$B10&"'!$E$29:$E$45"))),0))),1),0),IF(MAX((IFERROR((ROW(INDIRECT("'"&$B10&"'!$F$29:$F$45"))-ROW(INDIRECT("'"&$B10&"'!$F$29"))+1)/--(IF(INDIRECT("'"&$B10&"'!$F$29:$F$45")<>"",1,0)),0))-(IFERROR((ROW(INDIRECT("'"&$B10&"'!$F$29:$F$45"))-ROW(INDIRECT("'"&$B10&"'!$F$29"))+1)/--(FIND("VERIFICACIÓN: ", INDIRECT("'"&$B10&"'!$F$29:$F$45"))),0)))<>0,INDEX(INDIRECT("'"&$B10&"'!$A$29:$G$45"),MAX((IFERROR((ROW(INDIRECT("'"&$B10&"'!$F$29:$F$45"))-ROW(INDIRECT("'"&$B10&"'!$F$29"))+1)/--(IF(INDIRECT("'"&$B10&"'!$F$29:$F$45")<>"",1,0)),0))-(IFERROR((ROW(INDIRECT("'"&$B10&"'!$F$29:$F$45"))-ROW(INDIRECT("'"&$B10&"'!$F$29"))+1)/--(FIND("VERIFICACIÓN: ", INDIRECT("'"&$B10&"'!$F$29:$F$45"))),0))),1),0),IF(MAX(IFERROR((_xlfn._xlws.FILTER((ROW(INDIRECT("'"&$B10&"'!$E$29:$E$45"))-ROW(INDIRECT("'"&$B10&"'!$E$29"))+1)/--(IF(INDIRECT("'"&$B10&"'!$E$29:$E$45")<>"",1,0)), NOT(ISNUMBER(MATCH((ROW(INDIRECT("'"&$B10&"'!$E$29:$E$45"))-ROW(INDIRECT("'"&$B10&"'!$E$29"))+1)/--(IF(INDIRECT("'"&$B10&"'!$E$29:$E$45")<>"",1,0)), (ROW(INDIRECT("'"&$B10&"'!$E$29:$E$45"))-ROW(INDIRECT("'"&$B10&"'!$E$29"))+1)/--(FIND("VERIFICACIÓN: ", INDIRECT("'"&$B10&"'!$E$29:$E$45"))), 0))))),0))<>0,INDEX(INDIRECT("'"&$B10&"'!$A$29:$G$45"),MAX((IFERROR((ROW(INDIRECT("'"&$B10&"'!$E$29:$E$45"))-ROW(INDIRECT("'"&$B10&"'!$E$29"))+1)/--(IF(INDIRECT("'"&$B10&"'!$E$29:$E$45")<>"",1,0)),0))-(IFERROR((ROW(INDIRECT("'"&$B10&"'!$E$29:$E$45"))-ROW(INDIRECT("'"&$B10&"'!$E$29"))+1)/--(FIND("VERIFICACIÓN: ", INDIRECT("'"&$B10&"'!$E$29:$E$45"))),0))),1),0))} -> 45636 | S10: Calibrado | T10: {=IF(IF(MAX((IFERROR((ROW(INDIRECT("'"&$B10&"'!$F$29:$F$45"))-ROW(INDIRECT("'"&$B10&"'!$F$29"))+1)/--(IF(INDIRECT("'"&$B10&"'!$F$29:$F$45")<>"",1,0)),0))-(IFERROR((ROW(INDIRECT("'"&$B10&"'!$F$29:$F$45"))-ROW(INDIRECT("'"&$B10&"'!$F$29"))+1)/--(FIND("VERIFICACIÓN: ", INDIRECT("'"&$B10&"'!$F$29:$F$45"))),0)))<>0,INDEX(INDIRECT("'"&$B10&"'!$A$29:$G$45"),MAX((IFERROR((ROW(INDIRECT("'"&$B10&"'!$F$29:$F$45"))-ROW(INDIRECT("'"&$B10&"'!$F$29"))+1)/--(IF(INDIRECT("'"&$B10&"'!$F$29:$F$45")<>"",1,0)),0))-(IFERROR((ROW(INDIRECT("'"&$B10&"'!$F$29:$F$45"))-ROW(INDIRECT("'"&$B10&"'!$F$29"))+1)/--(FIND("VERIFICACIÓN: ", INDIRECT("'"&$B10&"'!$F$29:$F$45"))),0))),1),0)>IF(MAX(IFERROR((_xlfn._xlws.FILTER((ROW(INDIRECT("'"&$B10&"'!$E$29:$E$45"))-ROW(INDIRECT("'"&$B10&"'!$E$29"))+1)/--(IF(INDIRECT("'"&$B10&"'!$E$29:$E$45")<>"",1,0)), NOT(ISNUMBER(MATCH((ROW(INDIRECT("'"&$B10&"'!$E$29:$E$45"))-ROW(INDIRECT("'"&$B10&"'!$E$29"))+1)/--(IF(INDIRECT("'"&$B10&"'!$E$29:$E$45")<>"",1,0)), (ROW(INDIRECT("'"&$B10&"'!$E$29:$E$45"))-ROW(INDIRECT("'"&$B10&"'!$E$29"))+1)/--(FIND("VERIFICACIÓN: ", INDIRECT("'"&$B10&"'!$E$29:$E$45"))), 0))))),0))<>0,INDEX(INDIRECT("'"&$B10&"'!$A$29:$G$45"),MAX((IFERROR((ROW(INDIRECT("'"&$B10&"'!$E$29:$E$45"))-ROW(INDIRECT("'"&$B10&"'!$E$29"))+1)/--(IF(INDIRECT("'"&$B10&"'!$E$29:$E$45")<>"",1,0)),0))-(IFERROR((ROW(INDIRECT("'"&$B10&"'!$E$29:$E$45"))-ROW(INDIRECT("'"&$B10&"'!$E$29"))+1)/--(FIND("VERIFICACIÓN: ", INDIRECT("'"&$B10&"'!$E$29:$E$45"))),0))),1),0),IF(MAX((IFERROR((ROW(INDIRECT("'"&$B10&"'!$F$29:$F$45"))-ROW(INDIRECT("'"&$B10&"'!$F$29"))+1)/--(IF(INDIRECT("'"&$B10&"'!$F$29:$F$45")<>"",1,0)),0))-(IFERROR((ROW(INDIRECT("'"&$B10&"'!$F$29:$F$45"))-ROW(INDIRECT("'"&$B10&"'!$F$29"))+1)/--(FIND("VERIFICACIÓN: ", INDIRECT("'"&$B10&"'!$F$29:$F$45"))),0)))<>0,INDEX(INDIRECT("'"&$B10&"'!$A$29:$G$45"),MAX((IFERROR((ROW(INDIRECT("'"&$B10&"'!$F$29:$F$45"))-ROW(INDIRECT("'"&$B10&"'!$F$29"))+1)/--(IF(INDIRECT("'"&$B10&"'!$F$29:$F$45")<>"",1,0)),0))-(IFERROR((ROW(INDIRECT("'"&$B10&"'!$F$29:$F$45"))-ROW(INDIRECT("'"&$B10&"'!$F$29"))+1)/--(FIND("VERIFICACIÓN: ", INDIRECT("'"&$B10&"'!$F$29:$F$45"))),0))),6),"NO DISPONIBLE"),IF(MAX(IFERROR((_xlfn._xlws.FILTER((ROW(INDIRECT("'"&$B10&"'!$E$29:$E$45"))-ROW(INDIRECT("'"&$B10&"'!$E$29"))+1)/--(IF(INDIRECT("'"&$B10&"'!$E$29:$E$45")<>"",1,0)), NOT(ISNUMBER(MATCH((ROW(INDIRECT("'"&$B10&"'!$E$29:$E$45"))-ROW(INDIRECT("'"&$B10&"'!$E$29"))+1)/--(IF(INDIRECT("'"&$B10&"'!$E$29:$E$45")<>"",1,0)), (ROW(INDIRECT("'"&$B10&"'!$E$29:$E$45"))-ROW(INDIRECT("'"&$B10&"'!$E$29"))+1)/--(FIND("VERIFICACIÓN: ", INDIRECT("'"&$B10&"'!$E$29:$E$45"))), 0))))),0))<>0,INDEX(INDIRECT("'"&$B10&"'!$A$29:$G$45"),MAX((IFERROR((ROW(INDIRECT("'"&$B10&"'!$E$29:$E$45"))-ROW(INDIRECT("'"&$B10&"'!$E$29"))+1)/--(IF(INDIRECT("'"&$B10&"'!$E$29:$E$45")<>"",1,0)),0))-(IFERROR((ROW(INDIRECT("'"&$B10&"'!$E$29:$E$45"))-ROW(INDIRECT("'"&$B10&"'!$E$29"))+1)/--(FIND("VERIFICACIÓN: ", INDIRECT("'"&$B10&"'!$E$29:$E$45"))),0))),5),"NO DISPONIBLE"))} -> MJM | U10: 12 | V10: {=IF((IFERROR(VLOOKUP(IFERROR(LOOKUP(2,1/((INDIRECT("'"&$B10&"'!$F$29:$F$45"))<>""),(INDIRECT("'"&$B10&"'!$F$29:$F$45"))),"NO DISPONIBLE"),CHOOSE({1,2},(INDIRECT("'"&$B10&"'!$F$29:$F$45")),(INDIRECT("'"&$B10&"'!$A$29:$A$45"))),2,0),0))>(IFERROR(VLOOKUP(IFERROR(LOOKUP(2,1/((INDIRECT("'"&$B10&"'!$E$29:$E$45"))<>""),(INDIRECT("'"&$B10&"'!$E$29:$E$45"))),"NO DISPONIBLE"),CHOOSE({1,2},(INDIRECT("'"&$B10&"'!$E$29:$E$45")),(INDIRECT("'"&$B10&"'!$A$29:$A$45"))),2,0),0)),(IFERROR(VLOOKUP(IFERROR(LOOKUP(2,1/((INDIRECT("'"&$B10&"'!$F$29:$F$45"))<>""),(INDIRECT("'"&$B10&"'!$F$29:$F$45"))),"NO DISPONIBLE"),CHOOSE({1,2},(INDIRECT("'"&$B10&"'!$F$29:$F$45")),(INDIRECT("'"&$B10&"'!$A$29:$A$45"))),2,0),0)),(IFERROR(VLOOKUP(IFERROR(LOOKUP(2,1/((INDIRECT("'"&$B10&"'!$E$29:$E$45"))<>""),(INDIRECT("'"&$B10&"'!$E$29:$E$45"))),"NO DISPONIBLE"),CHOOSE({1,2},(INDIRECT("'"&$B10&"'!$E$29:$E$45")),(INDIRECT("'"&$B10&"'!$A$29:$A$45"))),2,0),0)))} -> 45636 | W10: Sin verificar | X10: {=IF((IFERROR(VLOOKUP(IFERROR(LOOKUP(2,1/((INDIRECT("'"&$B10&"'!$E$29:$E$45"))<>""),(INDIRECT("'"&$B10&"'!$E$29:$E$45"))),"NO DISPONIBLE"),CHOOSE({1,2},(INDIRECT("'"&$B10&"'!$E$29:$E$45")),(INDIRECT("'"&$B10&"'!$A$29:$A$45"))),2,0),0))>(IFERROR(VLOOKUP(IFERROR(LOOKUP(2,1/((INDIRECT("'"&$B10&"'!$F$29:$F$45"))<>""),(INDIRECT("'"&$B10&"'!$F$29:$F$45"))),"NO DISPONIBLE"),CHOOSE({1,2},(INDIRECT("'"&$B10&"'!$F$29:$F$45")),(INDIRECT("'"&$B10&"'!$A$29:$A$45"))),2,0),0)),IFERROR(LOOKUP(2,1/((INDIRECT("'"&$B10&"'!$E$29:$E$45"))<>""),(INDIRECT("'"&$B10&"'!$E$29:$E$45"))),"NO DISPONIBLE"),IFERROR(LOOKUP(2,1/((INDIRECT("'"&$B10&"'!$F$29:$F$45"))<>""),(INDIRECT("'"&$B10&"'!$F$29:$F$45"))),"NO DISPONIBLE"))} -> MJM | Y10: 36 | Z10: {=IF((IFERROR(VLOOKUP(IFERROR(LOOKUP(2,1/((INDIRECT("'"&$B10&"'!$D$29:$D$45"))<>""),(INDIRECT("'"&$B10&"'!$D$29:$D$45"))),"NO DISPONIBLE"),CHOOSE({1,2},(INDIRECT("'"&$B10&"'!$D$29:$D$45")),(INDIRECT("'"&$B10&"'!$A$29:$A$45"))),2,0),0))>(IFERROR(VLOOKUP(IFERROR(LOOKUP(2,1/((INDIRECT("'"&$B10&"'!$C$29:$C$45"))<>""),(INDIRECT("'"&$B10&"'!$C$29:$C$45"))),"NO DISPONIBLE"),CHOOSE({1,2},(INDIRECT("'"&$B10&"'!$C$29:$C$45")),(INDIRECT("'"&$B10&"'!$A$29:$A$45"))),2,0),0)),(IFERROR(VLOOKUP(IFERROR(LOOKUP(2,1/((INDIRECT("'"&$B10&"'!$D$29:$D$45"))<>""),(INDIRECT("'"&$B10&"'!$D$29:$D$45"))),"NO DISPONIBLE"),CHOOSE({1,2},(INDIRECT("'"&$B10&"'!$D$29:$D$45")),(INDIRECT("'"&$B10&"'!$A$29:$A$45"))),2,0),0)),(IFERROR(VLOOKUP(IFERROR(LOOKUP(2,1/((INDIRECT("'"&$B10&"'!$C$29:$C$45"))<>""),(INDIRECT("'"&$B10&"'!$C$29:$C$45"))),"NO DISPONIBLE"),CHOOSE({1,2},(INDIRECT("'"&$B10&"'!$C$29:$C$45")),(INDIRECT("'"&$B10&"'!$A$29:$A$45"))),2,0),0)))} -> 45636 | AA10: Ejecutado | AB10: {=IF((IFERROR(VLOOKUP(IFERROR(LOOKUP(2,1/((INDIRECT("'"&$B10&"'!$C$29:$C$45"))<>""),(INDIRECT("'"&$B10&"'!$C$29:$C$45"))),"NO DISPONIBLE"),CHOOSE({1,2},(INDIRECT("'"&$B10&"'!$C$29:$C$45")),(INDIRECT("'"&$B10&"'!$A$29:$A$45"))),2,0),0))>(IFERROR(VLOOKUP(IFERROR(LOOKUP(2,1/((INDIRECT("'"&$B10&"'!$D$29:$D$45"))<>""),(INDIRECT("'"&$B10&"'!$D$29:$D$45"))),"NO DISPONIBLE"),CHOOSE({1,2},(INDIRECT("'"&$B10&"'!$D$29:$D$45")),(INDIRECT("'"&$B10&"'!$A$29:$A$45"))),2,0),0)),IFERROR(LOOKUP(2,1/((INDIRECT("'"&$B10&"'!$C$29:$C$45"))<>""),(INDIRECT("'"&$B10&"'!$C$29:$C$45"))),"NO DISPONIBLE"),IFERROR(LOOKUP(2,1/((INDIRECT("'"&$B10&"'!$D$29:$D$45"))<>""),(INDIRECT("'"&$B10&"'!$D$29:$D$45"))),"NO DISPONIBLE"))} -> MJM | AC10: ASEGURAMIENTO
A11: MJM-011 | B11: {=INDIRECT("'"&$B11&"'!$A$6")} -> BLOQUE SECO | C11: {=INDIRECT("'"&$B11&"'!$G$14")} -> INDULAB | D11: {=INDIRECT("'"&$B11&"'!$G$15")} -> BT-2000 | E11: {=INDIRECT("'"&$B11&"'!$G$16")} -> 12288 | F11: LABORATORIO 2 | G11: OPERATIVO | H11: {=INDIRECT("'"&$B11&"'!$G$11")} -> TEMPERATURA | I11: {=INDIRECT("'"&$B11&"'!$C$11")} -> ALTA | J11: {=INDIRECT("'"&$B11&"'!$G$21")} -> 99°C | K11: {=INDIRECT("'"&$B11&"'!$G$22")} -> 0 °C | L11: {=INDIRECT("'"&$B11&"'!$G$23")} -> 0,1°C | N11: {=INDIRECT("'"&$B11&"'!$G$22")} -> 0 °C | P11: {=IFERROR(LOOKUP(2,1/((INDIRECT("'"&$B11&"'!$G$29:$G$45"))<>""),(INDIRECT("'"&$B11&"'!$G$29:$G$45"))),"NO DISPONIBLE")} -> FUNCIONAL | Q11: 36 | R11: {=IF(IF(MAX((IFERROR((ROW(INDIRECT("'"&$B11&"'!$F$29:$F$45"))-ROW(INDIRECT("'"&$B11&"'!$F$29"))+1)/--(IF(INDIRECT("'"&$B11&"'!$F$29:$F$45")<>"",1,0)),0))-(IFERROR((ROW(INDIRECT("'"&$B11&"'!$F$29:$F$45"))-ROW(INDIRECT("'"&$B11&"'!$F$29"))+1)/--(FIND("VERIFICACIÓN: ", INDIRECT("'"&$B11&"'!$F$29:$F$45"))),0)))<>0,INDEX(INDIRECT("'"&$B11&"'!$A$29:$G$45"),MAX((IFERROR((ROW(INDIRECT("'"&$B11&"'!$F$29:$F$45"))-ROW(INDIRECT("'"&$B11&"'!$F$29"))+1)/--(IF(INDIRECT("'"&$B11&"'!$F$29:$F$45")<>"",1,0)),0))-(IFERROR((ROW(INDIRECT("'"&$B11&"'!$F$29:$F$45"))-ROW(INDIRECT("'"&$B11&"'!$F$29"))+1)/--(FIND("VERIFICACIÓN: ", INDIRECT("'"&$B11&"'!$F$29:$F$45"))),0))),1),0)>IF(MAX(IFERROR((_xlfn._xlws.FILTER((ROW(INDIRECT("'"&$B11&"'!$E$29:$E$45"))-ROW(INDIRECT("'"&$B11&"'!$E$29"))+1)/--(IF(INDIRECT("'"&$B11&"'!$E$29:$E$45")<>"",1,0)), NOT(ISNUMBER(MATCH((ROW(INDIRECT("'"&$B11&"'!$E$29:$E$45"))-ROW(INDIRECT("'"&$B11&"'!$E$29"))+1)/--(IF(INDIRECT("'"&$B11&"'!$E$29:$E$45")<>"",1,0)), (ROW(INDIRECT("'"&$B11&"'!$E$29:$E$45"))-ROW(INDIRECT("'"&$B11&"'!$E$29"))+1)/--(FIND("VERIFICACIÓN: ", INDIRECT("'"&$B11&"'!$E$29:$E$45"))), 0))))),0))<>0,INDEX(INDIRECT("'"&$B11&"'!$A$29:$G$45"),MAX((IFERROR((ROW(INDIRECT("'"&$B11&"'!$E$29:$E$45"))-ROW(INDIRECT("'"&$B11&"'!$E$29"))+1)/--(IF(INDIRECT("'"&$B11&"'!$E$29:$E$45")<>"",1,0)),0))-(IFERROR((ROW(INDIRECT("'"&$B11&"'!$E$29:$E$45"))-ROW(INDIRECT("'"&$B11&"'!$E$29"))+1)/--(FIND("VERIFICACIÓN: ", INDIRECT("'"&$B11&"'!$E$29:$E$45"))),0))),1),0),IF(MAX((IFERROR((ROW(INDIRECT("'"&$B11&"'!$F$29:$F$45"))-ROW(INDIRECT("'"&$B11&"'!$F$29"))+1)/--(IF(INDIRECT("'"&$B11&"'!$F$29:$F$45")<>"",1,0)),0))-(IFERROR((ROW(INDIRECT("'"&$B11&"'!$F$29:$F$45"))-ROW(INDIRECT("'"&$B11&"'!$F$29"))+1)/--(FIND("VERIFICACIÓN: ", INDIRECT("'"&$B11&"'!$F$29:$F$45"))),0)))<>0,INDEX(INDIRECT("'"&$B11&"'!$A$29:$G$45"),MAX((IFERROR((ROW(INDIRECT("'"&$B11&"'!$F$29:$F$45"))-ROW(INDIRECT("'"&$B11&"'!$F$29"))+1)/--(IF(INDIRECT("'"&$B11&"'!$F$29:$F$45")<>"",1,0)),0))-(IFERROR((ROW(INDIRECT("'"&$B11&"'!$F$29:$F$45"))-ROW(INDIRECT("'"&$B11&"'!$F$29"))+1)/--(FIND("VERIFICACIÓN: ", INDIRECT("'"&$B11&"'!$F$29:$F$45"))),0))),1),0),IF(MAX(IFERROR((_xlfn._xlws.FILTER((ROW(INDIRECT("'"&$B11&"'!$E$29:$E$45"))-ROW(INDIRECT("'"&$B11&"'!$E$29"))+1)/--(IF(INDIRECT("'"&$B11&"'!$E$29:$E$45")<>"",1,0)), NOT(ISNUMBER(MATCH((ROW(INDIRECT("'"&$B11&"'!$E$29:$E$45"))-ROW(INDIRECT("'"&$B11&"'!$E$29"))+1)/--(IF(INDIRECT("'"&$B11&"'!$E$29:$E$45")<>"",1,0)), (ROW(INDIRECT("'"&$B11&"'!$E$29:$E$45"))-ROW(INDIRECT("'"&$B11&"'!$E$29"))+1)/--(FIND("VERIFICACIÓN: ", INDIRECT("'"&$B11&"'!$E$29:$E$45"))), 0))))),0))<>0,INDEX(INDIRECT("'"&$B11&"'!$A$29:$G$45"),MAX((IFERROR((ROW(INDIRECT("'"&$B11&"'!$E$29:$E$45"))-ROW(INDIRECT("'"&$B11&"'!$E$29"))+1)/--(IF(INDIRECT("'"&$B11&"'!$E$29:$E$45")<>"",1,0)),0))-(IFERROR((ROW(INDIRECT("'"&$B11&"'!$E$29:$E$45"))-ROW(INDIRECT("'"&$B11&"'!$E$29"))+1)/--(FIND("VERIFICACIÓN: ", INDIRECT("'"&$B11&"'!$E$29:$E$45"))),0))),1),0))} -> 45632 | S11: Calibrado | T11: {=IF(IF(MAX((IFERROR((ROW(INDIRECT("'"&$B11&"'!$F$29:$F$45"))-ROW(INDIRECT("'"&$B11&"'!$F$29"))+1)/--(IF(INDIRECT("'"&$B11&"'!$F$29:$F$45")<>"",1,0)),0))-(IFERROR((ROW(INDIRECT("'"&$B11&"'!$F$29:$F$45"))-ROW(INDIRECT("'"&$B11&"'!$F$29"))+1)/--(FIND("VERIFICACIÓN: ", INDIRECT("'"&$B11&"'!$F$29:$F$45"))),0)))<>0,INDEX(INDIRECT("'"&$B11&"'!$A$29:$G$45"),MAX((IFERROR((ROW(INDIRECT("'"&$B11&"'!$F$29:$F$45"))-ROW(INDIRECT("'"&$B11&"'!$F$29"))+1)/--(IF(INDIRECT("'"&$B11&"'!$F$29:$F$45")<>"",1,0)),0))-(IFERROR((ROW(INDIRECT("'"&$B11&"'!$F$29:$F$45"))-ROW(INDIRECT("'"&$B11&"'!$F$29"))+1)/--(FIND("VERIFICACIÓN: ", INDIRECT("'"&$B11&"'!$F$29:$F$45"))),0))),1),0)>IF(MAX(IFERROR((_xlfn._xlws.FILTER((ROW(INDIRECT("'"&$B11&"'!$E$29:$E$45"))-ROW(INDIRECT("'"&$B11&"'!$E$29"))+1)/--(IF(INDIRECT("'"&$B11&"'!$E$29:$E$45")<>"",1,0)), NOT(ISNUMBER(MATCH((ROW(INDIRECT("'"&$B11&"'!$E$29:$E$45"))-ROW(INDIRECT("'"&$B11&"'!$E$29"))+1)/--(IF(INDIRECT("'"&$B11&"'!$E$29:$E$45")<>"",1,0)), (ROW(INDIRECT("'"&$B11&"'!$E$29:$E$45"))-ROW(INDIRECT("'"&$B11&"'!$E$29"))+1)/--(FIND("VERIFICACIÓN: ", INDIRECT("'"&$B11&"'!$E$29:$E$45"))), 0))))),0))<>0,INDEX(INDIRECT("'"&$B11&"'!$A$29:$G$45"),MAX((IFERROR((ROW(INDIRECT("'"&$B11&"'!$E$29:$E$45"))-ROW(INDIRECT("'"&$B11&"'!$E$29"))+1)/--(IF(INDIRECT("'"&$B11&"'!$E$29:$E$45")<>"",1,0)),0))-(IFERROR((ROW(INDIRECT("'"&$B11&"'!$E$29:$E$45"))-ROW(INDIRECT("'"&$B11&"'!$E$29"))+1)/--(FIND("VERIFICACIÓN: ", INDIRECT("'"&$B11&"'!$E$29:$E$45"))),0))),1),0),IF(MAX((IFERROR((ROW(INDIRECT("'"&$B11&"'!$F$29:$F$45"))-ROW(INDIRECT("'"&$B11&"'!$F$29"))+1)/--(IF(INDIRECT("'"&$B11&"'!$F$29:$F$45")<>"",1,0)),0))-(IFERROR((ROW(INDIRECT("'"&$B11&"'!$F$29:$F$45"))-ROW(INDIRECT("'"&$B11&"'!$F$29"))+1)/--(FIND("VERIFICACIÓN: ", INDIRECT("'"&$B11&"'!$F$29:$F$45"))),0)))<>0,INDEX(INDIRECT("'"&$B11&"'!$A$29:$G$45"),MAX((IFERROR((ROW(INDIRECT("'"&$B11&"'!$F$29:$F$45"))-ROW(INDIRECT("'"&$B11&"'!$F$29"))+1)/--(IF(INDIRECT("'"&$B11&"'!$F$29:$F$45")<>"",1,0)),0))-(IFERROR((ROW(INDIRECT("'"&$B11&"'!$F$29:$F$45"))-ROW(INDIRECT("'"&$B11&"'!$F$29"))+1)/--(FIND("VERIFICACIÓN: ", INDIRECT("'"&$B11&"'!$F$29:$F$45"))),0))),6),"NO DISPONIBLE"),IF(MAX(IFERROR((_xlfn._xlws.FILTER((ROW(INDIRECT("'"&$B11&"'!$E$29:$E$45"))-ROW(INDIRECT("'"&$B11&"'!$E$29"))+1)/--(IF(INDIRECT("'"&$B11&"'!$E$29:$E$45")<>"",1,0)), NOT(ISNUMBER(MATCH((ROW(INDIRECT("'"&$B11&"'!$E$29:$E$45"))-ROW(INDIRECT("'"&$B11&"'!$E$29"))+1)/--(IF(INDIRECT("'"&$B11&"'!$E$29:$E$45")<>"",1,0)), (ROW(INDIRECT("'"&$B11&"'!$E$29:$E$45"))-ROW(INDIRECT("'"&$B11&"'!$E$29"))+1)/--(FIND("VERIFICACIÓN: ", INDIRECT("'"&$B11&"'!$E$29:$E$45"))), 0))))),0))<>0,INDEX(INDIRECT("'"&$B11&"'!$A$29:$G$45"),MAX((IFERROR((ROW(INDIRECT("'"&$B11&"'!$E$29:$E$45"))-ROW(INDIRECT("'"&$B11&"'!$E$29"))+1)/--(IF(INDIRECT("'"&$B11&"'!$E$29:$E$45")<>"",1,0)),0))-(IFERROR((ROW(INDIRECT("'"&$B11&"'!$E$29:$E$45"))-ROW(INDIRECT("'"&$B11&"'!$E$29"))+1)/--(FIND("VERIFICACIÓN: ", INDIRECT("'"&$B11&"'!$E$29:$E$45"))),0))),5),"NO DISPONIBLE"))} -> MJM | U11: 12 | V11: {=IF((IFERROR(VLOOKUP(IFERROR(LOOKUP(2,1/((INDIRECT("'"&$B11&"'!$F$29:$F$45"))<>""),(INDIRECT("'"&$B11&"'!$F$29:$F$45"))),"NO DISPONIBLE"),CHOOSE({1,2},(INDIRECT("'"&$B11&"'!$F$29:$F$45")),(INDIRECT("'"&$B11&"'!$A$29:$A$45"))),2,0),0))>(IFERROR(VLOOKUP(IFERROR(LOOKUP(2,1/((INDIRECT("'"&$B11&"'!$E$29:$E$45"))<>""),(INDIRECT("'"&$B11&"'!$E$29:$E$45"))),"NO DISPONIBLE"),CHOOSE({1,2},(INDIRECT("'"&$B11&"'!$E$29:$E$45")),(INDIRECT("'"&$B11&"'!$A$29:$A$45"))),2,0),0)),(IFERROR(VLOOKUP(IFERROR(LOOKUP(2,1/((INDIRECT("'"&$B11&"'!$F$29:$F$45"))<>""),(INDIRECT("'"&$B11&"'!$F$29:$F$45"))),"NO DISPONIBLE"),CHOOSE({1,2},(INDIRECT("'"&$B11&"'!$F$29:$F$45")),(INDIRECT("'"&$B11&"'!$A$29:$A$45"))),2,0),0)),(IFERROR(VLOOKUP(IFERROR(LOOKUP(2,1/((INDIRECT("'"&$B11&"'!$E$29:$E$45"))<>""),(INDIRECT("'"&$B11&"'!$E$29:$E$45"))),"NO DISPONIBLE"),CHOOSE({1,2},(INDIRECT("'"&$B11&"'!$E$29:$E$45")),(INDIRECT("'"&$B11&"'!$A$29:$A$45"))),2,0),0)))} -> 45632 | W11: Sin verificar | X11: {=IF((IFERROR(VLOOKUP(IFERROR(LOOKUP(2,1/((INDIRECT("'"&$B11&"'!$E$29:$E$45"))<>""),(INDIRECT("'"&$B11&"'!$E$29:$E$45"))),"NO DISPONIBLE"),CHOOSE({1,2},(INDIRECT("'"&$B11&"'!$E$29:$E$45")),(INDIRECT("'"&$B11&"'!$A$29:$A$45"))),2,0),0))>(IFERROR(VLOOKUP(IFERROR(LOOKUP(2,1/((INDIRECT("'"&$B11&"'!$F$29:$F$45"))<>""),(INDIRECT("'"&$B11&"'!$F$29:$F$45"))),"NO DISPONIBLE"),CHOOSE({1,2},(INDIRECT("'"&$B11&"'!$F$29:$F$45")),(INDIRECT("'"&$B11&"'!$A$29:$A$45"))),2,0),0)),IFERROR(LOOKUP(2,1/((INDIRECT("'"&$B11&"'!$E$29:$E$45"))<>""),(INDIRECT("'"&$B11&"'!$E$29:$E$45"))),"NO DISPONIBLE"),IFERROR(LOOKUP(2,1/((INDIRECT("'"&$B11&"'!$F$29:$F$45"))<>""),(INDIRECT("'"&$B11&"'!$F$29:$F$45"))),"NO DISPONIBLE"))} -> MJM | Y11: 36 | Z11: {=IF((IFERROR(VLOOKUP(IFERROR(LOOKUP(2,1/((INDIRECT("'"&$B11&"'!$D$29:$D$45"))<>""),(INDIRECT("'"&$B11&"'!$D$29:$D$45"))),"NO DISPONIBLE"),CHOOSE({1,2},(INDIRECT("'"&$B11&"'!$D$29:$D$45")),(INDIRECT("'"&$B11&"'!$A$29:$A$45"))),2,0),0))>(IFERROR(VLOOKUP(IFERROR(LOOKUP(2,1/((INDIRECT("'"&$B11&"'!$C$29:$C$45"))<>""),(INDIRECT("'"&$B11&"'!$C$29:$C$45"))),"NO DISPONIBLE"),CHOOSE({1,2},(INDIRECT("'"&$B11&"'!$C$29:$C$45")),(INDIRECT("'"&$B11&"'!$A$29:$A$45"))),2,0),0)),(IFERROR(VLOOKUP(IFERROR(LOOKUP(2,1/((INDIRECT("'"&$B11&"'!$D$29:$D$45"))<>""),(INDIRECT("'"&$B11&"'!$D$29:$D$45"))),"NO DISPONIBLE"),CHOOSE({1,2},(INDIRECT("'"&$B11&"'!$D$29:$D$45")),(INDIRECT("'"&$B11&"'!$A$29:$A$45"))),2,0),0)),(IFERROR(VLOOKUP(IFERROR(LOOKUP(2,1/((INDIRECT("'"&$B11&"'!$C$29:$C$45"))<>""),(INDIRECT("'"&$B11&"'!$C$29:$C$45"))),"NO DISPONIBLE"),CHOOSE({1,2},(INDIRECT("'"&$B11&"'!$C$29:$C$45")),(INDIRECT("'"&$B11&"'!$A$29:$A$45"))),2,0),0)))} -> 45632 | AA11: Ejecutado | AB11: {=IF((IFERROR(VLOOKUP(IFERROR(LOOKUP(2,1/((INDIRECT("'"&$B11&"'!$C$29:$C$45"))<>""),(INDIRECT("'"&$B11&"'!$C$29:$C$45"))),"NO DISPONIBLE"),CHOOSE({1,2},(INDIRECT("'"&$B11&"'!$C$29:$C$45")),(INDIRECT("'"&$B11&"'!$A$29:$A$45"))),2,0),0))>(IFERROR(VLOOKUP(IFERROR(LOOKUP(2,1/((INDIRECT("'"&$B11&"'!$D$29:$D$45"))<>""),(INDIRECT("'"&$B11&"'!$D$29:$D$45"))),"NO DISPONIBLE"),CHOOSE({1,2},(INDIRECT("'"&$B11&"'!$D$29:$D$45")),(INDIRECT("'"&$B11&"'!$A$29:$A$45"))),2,0),0)),IFERROR(LOOKUP(2,1/((INDIRECT("'"&$B11&"'!$C$29:$C$45"))<>""),(INDIRECT("'"&$B11&"'!$C$29:$C$45"))),"NO DISPONIBLE"),IFERROR(LOOKUP(2,1/((INDIRECT("'"&$B11&"'!$D$29:$D$45"))<>""),(INDIRECT("'"&$B11&"'!$D$29:$D$45"))),"NO DISPONIBLE"))} -> MJM | AC11: ASEGURAMIENTO
A12: MJM-012 | B12: {=INDIRECT("'"&$B12&"'!$A$6")} -> FUENTE DE PODER | C12: {=INDIRECT("'"&$B12&"'!$G$14")} -> UNI-T | D12: {=INDIRECT("'"&$B12&"'!$G$15")} -> UTP1310 | E12: {=INDIRECT("'"&$B12&"'!$G$16")} -> ATP062250001 | F12: LABORATORIO 1 | G12: OPERATIVO | H12: {=INDIRECT("'"&$B12&"'!$G$11")} -> ELÉCTRICAS | I12: {=INDIRECT("'"&$B12&"'!$C$11")} -> ALTA | J12: {=INDIRECT("'"&$B12&"'!$G$21")} -> 32 V | K12: {=INDIRECT("'"&$B12&"'!$G$22")} -> 10 mV | L12: {=INDIRECT("'"&$B12&"'!$G$23")} -> 10 mV | N12: {=INDIRECT("'"&$B12&"'!$G$22")} -> 10 mV | P12: {=IFERROR(LOOKUP(2,1/((INDIRECT("'"&$B12&"'!$G$29:$G$45"))<>""),(INDIRECT("'"&$B12&"'!$G$29:$G$45"))),"NO DISPONIBLE")} -> FUNCIONAL | Q12: 36 | R12: {=IF(IF(MAX((IFERROR((ROW(INDIRECT("'"&$B12&"'!$F$29:$F$45"))-ROW(INDIRECT("'"&$B12&"'!$F$29"))+1)/--(IF(INDIRECT("'"&$B12&"'!$F$29:$F$45")<>"",1,0)),0))-(IFERROR((ROW(INDIRECT("'"&$B12&"'!$F$29:$F$45"))-ROW(INDIRECT("'"&$B12&"'!$F$29"))+1)/--(FIND("VERIFICACIÓN: ", INDIRECT("'"&$B12&"'!$F$29:$F$45"))),0)))<>0,INDEX(INDIRECT("'"&$B12&"'!$A$29:$G$45"),MAX((IFERROR((ROW(INDIRECT("'"&$B12&"'!$F$29:$F$45"))-ROW(INDIRECT("'"&$B12&"'!$F$29"))+1)/--(IF(INDIRECT("'"&$B12&"'!$F$29:$F$45")<>"",1,0)),0))-(IFERROR((ROW(INDIRECT("'"&$B12&"'!$F$29:$F$45"))-ROW(INDIRECT("'"&$B12&"'!$F$29"))+1)/--(FIND("VERIFICACIÓN: ", INDIRECT("'"&$B12&"'!$F$29:$F$45"))),0))),1),0)>IF(MAX(IFERROR((_xlfn._xlws.FILTER((ROW(INDIRECT("'"&$B12&"'!$E$29:$E$45"))-ROW(INDIRECT("'"&$B12&"'!$E$29"))+1)/--(IF(INDIRECT("'"&$B12&"'!$E$29:$E$45")<>"",1,0)), NOT(ISNUMBER(MATCH((ROW(INDIRECT("'"&$B12&"'!$E$29:$E$45"))-ROW(INDIRECT("'"&$B12&"'!$E$29"))+1)/--(IF(INDIRECT("'"&$B12&"'!$E$29:$E$45")<>"",1,0)), (ROW(INDIRECT("'"&$B12&"'!$E$29:$E$45"))-ROW(INDIRECT("'"&$B12&"'!$E$29"))+1)/--(FIND("VERIFICACIÓN: ", INDIRECT("'"&$B12&"'!$E$29:$E$45"))), 0))))),0))<>0,INDEX(INDIRECT("'"&$B12&"'!$A$29:$G$45"),MAX((IFERROR((ROW(INDIRECT("'"&$B12&"'!$E$29:$E$45"))-ROW(INDIRECT("'"&$B12&"'!$E$29"))+1)/--(IF(INDIRECT("'"&$B12&"'!$E$29:$E$45")<>"",1,0)),0))-(IFERROR((ROW(INDIRECT("'"&$B12&"'!$E$29:$E$45"))-ROW(INDIRECT("'"&$B12&"'!$E$29"))+1)/--(FIND("VERIFICACIÓN: ", INDIRECT("'"&$B12&"'!$E$29:$E$45"))),0))),1),0),IF(MAX((IFERROR((ROW(INDIRECT("'"&$B12&"'!$F$29:$F$45"))-ROW(INDIRECT("'"&$B12&"'!$F$29"))+1)/--(IF(INDIRECT("'"&$B12&"'!$F$29:$F$45")<>"",1,0)),0))-(IFERROR((ROW(INDIRECT("'"&$B12&"'!$F$29:$F$45"))-ROW(INDIRECT("'"&$B12&"'!$F$29"))+1)/--(FIND("VERIFICACIÓN: ", INDIRECT("'"&$B12&"'!$F$29:$F$45"))),0)))<>0,INDEX(INDIRECT("'"&$B12&"'!$A$29:$G$45"),MAX((IFERROR((ROW(INDIRECT("'"&$B12&"'!$F$29:$F$45"))-ROW(INDIRECT("'"&$B12&"'!$F$29"))+1)/--(IF(INDIRECT("'"&$B12&"'!$F$29:$F$45")<>"",1,0)),0))-(IFERROR((ROW(INDIRECT("'"&$B12&"'!$F$29:$F$45"))-ROW(INDIRECT("'"&$B12&"'!$F$29"))+1)/--(FIND("VERIFICACIÓN: ", INDIRECT("'"&$B12&"'!$F$29:$F$45"))),0))),1),0),IF(MAX(IFERROR((_xlfn._xlws.FILTER((ROW(INDIRECT("'"&$B12&"'!$E$29:$E$45"))-ROW(INDIRECT("'"&$B12&"'!$E$29"))+1)/--(IF(INDIRECT("'"&$B12&"'!$E$29:$E$45")<>"",1,0)), NOT(ISNUMBER(MATCH((ROW(INDIRECT("'"&$B12&"'!$E$29:$E$45"))-ROW(INDIRECT("'"&$B12&"'!$E$29"))+1)/--(IF(INDIRECT("'"&$B12&"'!$E$29:$E$45")<>"",1,0)), (ROW(INDIRECT("'"&$B12&"'!$E$29:$E$45"))-ROW(INDIRECT("'"&$B12&"'!$E$29"))+1)/--(FIND("VERIFICACIÓN: ", INDIRECT("'"&$B12&"'!$E$29:$E$45"))), 0))))),0))<>0,INDEX(INDIRECT("'"&$B12&"'!$A$29:$G$45"),MAX((IFERROR((ROW(INDIRECT("'"&$B12&"'!$E$29:$E$45"))-ROW(INDIRECT("'"&$B12&"'!$E$29"))+1)/--(IF(INDIRECT("'"&$B12&"'!$E$29:$E$45")<>"",1,0)),0))-(IFERROR((ROW(INDIRECT("'"&$B12&"'!$E$29:$E$45"))-ROW(INDIRECT("'"&$B12&"'!$E$29"))+1)/--(FIND("VERIFICACIÓN: ", INDIRECT("'"&$B12&"'!$E$29:$E$45"))),0))),1),0))} -> 45625 | S12: Calibrado | T12: {=IF(IF(MAX((IFERROR((ROW(INDIRECT("'"&$B12&"'!$F$29:$F$45"))-ROW(INDIRECT("'"&$B12&"'!$F$29"))+1)/--(IF(INDIRECT("'"&$B12&"'!$F$29:$F$45")<>"",1,0)),0))-(IFERROR((ROW(INDIRECT("'"&$B12&"'!$F$29:$F$45"))-ROW(INDIRECT("'"&$B12&"'!$F$29"))+1)/--(FIND("VERIFICACIÓN: ", INDIRECT("'"&$B12&"'!$F$29:$F$45"))),0)))<>0,INDEX(INDIRECT("'"&$B12&"'!$A$29:$G$45"),MAX((IFERROR((ROW(INDIRECT("'"&$B12&"'!$F$29:$F$45"))-ROW(INDIRECT("'"&$B12&"'!$F$29"))+1)/--(IF(INDIRECT("'"&$B12&"'!$F$29:$F$45")<>"",1,0)),0))-(IFERROR((ROW(INDIRECT("'"&$B12&"'!$F$29:$F$45"))-ROW(INDIRECT("'"&$B12&"'!$F$29"))+1)/--(FIND("VERIFICACIÓN: ", INDIRECT("'"&$B12&"'!$F$29:$F$45"))),0))),1),0)>IF(MAX(IFERROR((_xlfn._xlws.FILTER((ROW(INDIRECT("'"&$B12&"'!$E$29:$E$45"))-ROW(INDIRECT("'"&$B12&"'!$E$29"))+1)/--(IF(INDIRECT("'"&$B12&"'!$E$29:$E$45")<>"",1,0)), NOT(ISNUMBER(MATCH((ROW(INDIRECT("'"&$B12&"'!$E$29:$E$45"))-ROW(INDIRECT("'"&$B12&"'!$E$29"))+1)/--(IF(INDIRECT("'"&$B12&"'!$E$29:$E$45")<>"",1,0)), (ROW(INDIRECT("'"&$B12&"'!$E$29:$E$45"))-ROW(INDIRECT("'"&$B12&"'!$E$29"))+1)/--(FIND("VERIFICACIÓN: ", INDIRECT("'"&$B12&"'!$E$29:$E$45"))), 0))))),0))<>0,INDEX(INDIRECT("'"&$B12&"'!$A$29:$G$45"),MAX((IFERROR((ROW(INDIRECT("'"&$B12&"'!$E$29:$E$45"))-ROW(INDIRECT("'"&$B12&"'!$E$29"))+1)/--(IF(INDIRECT("'"&$B12&"'!$E$29:$E$45")<>"",1,0)),0))-(IFERROR((ROW(INDIRECT("'"&$B12&"'!$E$29:$E$45"))-ROW(INDIRECT("'"&$B12&"'!$E$29"))+1)/--(FIND("VERIFICACIÓN: ", INDIRECT("'"&$B12&"'!$E$29:$E$45"))),0))),1),0),IF(MAX((IFERROR((ROW(INDIRECT("'"&$B12&"'!$F$29:$F$45"))-ROW(INDIRECT("'"&$B12&"'!$F$29"))+1)/--(IF(INDIRECT("'"&$B12&"'!$F$29:$F$45")<>"",1,0)),0))-(IFERROR((ROW(INDIRECT("'"&$B12&"'!$F$29:$F$45"))-ROW(INDIRECT("'"&$B12&"'!$F$29"))+1)/--(FIND("VERIFICACIÓN: ", INDIRECT("'"&$B12&"'!$F$29:$F$45"))),0)))<>0,INDEX(INDIRECT("'"&$B12&"'!$A$29:$G$45"),MAX((IFERROR((ROW(INDIRECT("'"&$B12&"'!$F$29:$F$45"))-ROW(INDIRECT("'"&$B12&"'!$F$29"))+1)/--(IF(INDIRECT("'"&$B12&"'!$F$29:$F$45")<>"",1,0)),0))-(IFERROR((ROW(INDIRECT("'"&$B12&"'!$F$29:$F$45"))-ROW(INDIRECT("'"&$B12&"'!$F$29"))+1)/--(FIND("VERIFICACIÓN: ", INDIRECT("'"&$B12&"'!$F$29:$F$45"))),0))),6),"NO DISPONIBLE"),IF(MAX(IFERROR((_xlfn._xlws.FILTER((ROW(INDIRECT("'"&$B12&"'!$E$29:$E$45"))-ROW(INDIRECT("'"&$B12&"'!$E$29"))+1)/--(IF(INDIRECT("'"&$B12&"'!$E$29:$E$45")<>"",1,0)), NOT(ISNUMBER(MATCH((ROW(INDIRECT("'"&$B12&"'!$E$29:$E$45"))-ROW(INDIRECT("'"&$B12&"'!$E$29"))+1)/--(IF(INDIRECT("'"&$B12&"'!$E$29:$E$45")<>"",1,0)), (ROW(INDIRECT("'"&$B12&"'!$E$29:$E$45"))-ROW(INDIRECT("'"&$B12&"'!$E$29"))+1)/--(FIND("VERIFICACIÓN: ", INDIRECT("'"&$B12&"'!$E$29:$E$45"))), 0))))),0))<>0,INDEX(INDIRECT("'"&$B12&"'!$A$29:$G$45"),MAX((IFERROR((ROW(INDIRECT("'"&$B12&"'!$E$29:$E$45"))-ROW(INDIRECT("'"&$B12&"'!$E$29"))+1)/--(IF(INDIRECT("'"&$B12&"'!$E$29:$E$45")<>"",1,0)),0))-(IFERROR((ROW(INDIRECT("'"&$B12&"'!$E$29:$E$45"))-ROW(INDIRECT("'"&$B12&"'!$E$29"))+1)/--(FIND("VERIFICACIÓN: ", INDIRECT("'"&$B12&"'!$E$29:$E$45"))),0))),5),"NO DISPONIBLE"))} -> MJM | U12: 12 | V12: {=IF((IFERROR(VLOOKUP(IFERROR(LOOKUP(2,1/((INDIRECT("'"&$B12&"'!$F$29:$F$45"))<>""),(INDIRECT("'"&$B12&"'!$F$29:$F$45"))),"NO DISPONIBLE"),CHOOSE({1,2},(INDIRECT("'"&$B12&"'!$F$29:$F$45")),(INDIRECT("'"&$B12&"'!$A$29:$A$45"))),2,0),0))>(IFERROR(VLOOKUP(IFERROR(LOOKUP(2,1/((INDIRECT("'"&$B12&"'!$E$29:$E$45"))<>""),(INDIRECT("'"&$B12&"'!$E$29:$E$45"))),"NO DISPONIBLE"),CHOOSE({1,2},(INDIRECT("'"&$B12&"'!$E$29:$E$45")),(INDIRECT("'"&$B12&"'!$A$29:$A$45"))),2,0),0)),(IFERROR(VLOOKUP(IFERROR(LOOKUP(2,1/((INDIRECT("'"&$B12&"'!$F$29:$F$45"))<>""),(INDIRECT("'"&$B12&"'!$F$29:$F$45"))),"NO DISPONIBLE"),CHOOSE({1,2},(INDIRECT("'"&$B12&"'!$F$29:$F$45")),(INDIRECT("'"&$B12&"'!$A$29:$A$45"))),2,0),0)),(IFERROR(VLOOKUP(IFERROR(LOOKUP(2,1/((INDIRECT("'"&$B12&"'!$E$29:$E$45"))<>""),(INDIRECT("'"&$B12&"'!$E$29:$E$45"))),"NO DISPONIBLE"),CHOOSE({1,2},(INDIRECT("'"&$B12&"'!$E$29:$E$45")),(INDIRECT("'"&$B12&"'!$A$29:$A$45"))),2,0),0)))} -> 45625 | W12: Sin verificar | X12: {=IF((IFERROR(VLOOKUP(IFERROR(LOOKUP(2,1/((INDIRECT("'"&$B12&"'!$E$29:$E$45"))<>""),(INDIRECT("'"&$B12&"'!$E$29:$E$45"))),"NO DISPONIBLE"),CHOOSE({1,2},(INDIRECT("'"&$B12&"'!$E$29:$E$45")),(INDIRECT("'"&$B12&"'!$A$29:$A$45"))),2,0),0))>(IFERROR(VLOOKUP(IFERROR(LOOKUP(2,1/((INDIRECT("'"&$B12&"'!$F$29:$F$45"))<>""),(INDIRECT("'"&$B12&"'!$F$29:$F$45"))),"NO DISPONIBLE"),CHOOSE({1,2},(INDIRECT("'"&$B12&"'!$F$29:$F$45")),(INDIRECT("'"&$B12&"'!$A$29:$A$45"))),2,0),0)),IFERROR(LOOKUP(2,1/((INDIRECT("'"&$B12&"'!$E$29:$E$45"))<>""),(INDIRECT("'"&$B12&"'!$E$29:$E$45"))),"NO DISPONIBLE"),IFERROR(LOOKUP(2,1/((INDIRECT("'"&$B12&"'!$F$29:$F$45"))<>""),(INDIRECT("'"&$B12&"'!$F$29:$F$45"))),"NO DISPONIBLE"))} -> MJM | Y12: 36 | Z12: {=IF((IFERROR(VLOOKUP(IFERROR(LOOKUP(2,1/((INDIRECT("'"&$B12&"'!$D$29:$D$45"))<>""),(INDIRECT("'"&$B12&"'!$D$29:$D$45"))),"NO DISPONIBLE"),CHOOSE({1,2},(INDIRECT("'"&$B12&"'!$D$29:$D$45")),(INDIRECT("'"&$B12&"'!$A$29:$A$45"))),2,0),0))>(IFERROR(VLOOKUP(IFERROR(LOOKUP(2,1/((INDIRECT("'"&$B12&"'!$C$29:$C$45"))<>""),(INDIRECT("'"&$B12&"'!$C$29:$C$45"))),"NO DISPONIBLE"),CHOOSE({1,2},(INDIRECT("'"&$B12&"'!$C$29:$C$45")),(INDIRECT("'"&$B12&"'!$A$29:$A$45"))),2,0),0)),(IFERROR(VLOOKUP(IFERROR(LOOKUP(2,1/((INDIRECT("'"&$B12&"'!$D$29:$D$45"))<>""),(INDIRECT("'"&$B12&"'!$D$29:$D$45"))),"NO DISPONIBLE"),CHOOSE({1,2},(INDIRECT("'"&$B12&"'!$D$29:$D$45")),(INDIRECT("'"&$B12&"'!$A$29:$A$45"))),2,0),0)),(IFERROR(VLOOKUP(IFERROR(LOOKUP(2,1/((INDIRECT("'"&$B12&"'!$C$29:$C$45"))<>""),(INDIRECT("'"&$B12&"'!$C$29:$C$45"))),"NO DISPONIBLE"),CHOOSE({1,2},(INDIRECT("'"&$B12&"'!$C$29:$C$45")),(INDIRECT("'"&$B12&"'!$A$29:$A$45"))),2,0),0)))} -> 45625 | AA12: Ejecutado | AB12: {=IF((IFERROR(VLOOKUP(IFERROR(LOOKUP(2,1/((INDIRECT("'"&$B12&"'!$C$29:$C$45"))<>""),(INDIRECT("'"&$B12&"'!$C$29:$C$45"))),"NO DISPONIBLE"),CHOOSE({1,2},(INDIRECT("'"&$B12&"'!$C$29:$C$45")),(INDIRECT("'"&$B12&"'!$A$29:$A$45"))),2,0),0))>(IFERROR(VLOOKUP(IFERROR(LOOKUP(2,1/((INDIRECT("'"&$B12&"'!$D$29:$D$45"))<>""),(INDIRECT("'"&$B12&"'!$D$29:$D$45"))),"NO DISPONIBLE"),CHOOSE({1,2},(INDIRECT("'"&$B12&"'!$D$29:$D$45")),(INDIRECT("'"&$B12&"'!$A$29:$A$45"))),2,0),0)),IFERROR(LOOKUP(2,1/((INDIRECT("'"&$B12&"'!$C$29:$C$45"))<>""),(INDIRECT("'"&$B12&"'!$C$29:$C$45"))),"NO DISPONIBLE"),IFERROR(LOOKUP(2,1/((INDIRECT("'"&$B12&"'!$D$29:$D$45"))<>""),(INDIRECT("'"&$B12&"'!$D$29:$D$45"))),"NO DISPONIBLE"))} -> MJM | AC12: ASEGURAMIENTO
A13: MJM-013 | B13: {=INDIRECT("'"&$B13&"'!$A$6")} -> SHEAKER (CALIBRADOR DE VIBRACIÓN) | C13: {=INDIRECT("'"&$B13&"'!$G$14")} -> MMF | D13: {=INDIRECT("'"&$B13&"'!$G$15")} -> VC21 | E13: {=INDIRECT("'"&$B13&"'!$G$16")} -> 240557 | F13: LABORATORIO 2 | G13: OPERATIVO | H13: {=INDIRECT("'"&$B13&"'!$G$11")} -> VIBRACIÓN | I13: {=INDIRECT("'"&$B13&"'!$C$11")} -> ALTA | J13: {=INDIRECT("'"&$B13&"'!$G$21")} -> 1 m/s2 | K13: {=INDIRECT("'"&$B13&"'!$G$22")} -> 20 m/s2 | L13: {=INDIRECT("'"&$B13&"'!$G$23")} -> -- | N13: {=INDIRECT("'"&$B13&"'!$G$22")} -> 20 m/s2 | P13: {=IFERROR(LOOKUP(2,1/((INDIRECT("'"&$B13&"'!$G$29:$G$45"))<>""),(INDIRECT("'"&$B13&"'!$G$29:$G$45"))),"NO DISPONIBLE")} -> FUNCIONAL | Q13: 36 | R13: {=IF(IF(MAX((IFERROR((ROW(INDIRECT("'"&$B13&"'!$F$29:$F$45"))-ROW(INDIRECT("'"&$B13&"'!$F$29"))+1)/--(IF(INDIRECT("'"&$B13&"'!$F$29:$F$45")<>"",1,0)),0))-(IFERROR((ROW(INDIRECT("'"&$B13&"'!$F$29:$F$45"))-ROW(INDIRECT("'"&$B13&"'!$F$29"))+1)/--(FIND("VERIFICACIÓN: ", INDIRECT("'"&$B13&"'!$F$29:$F$45"))),0)))<>0,INDEX(INDIRECT("'"&$B13&"'!$A$29:$G$45"),MAX((IFERROR((ROW(INDIRECT("'"&$B13&"'!$F$29:$F$45"))-ROW(INDIRECT("'"&$B13&"'!$F$29"))+1)/--(IF(INDIRECT("'"&$B13&"'!$F$29:$F$45")<>"",1,0)),0))-(IFERROR((ROW(INDIRECT("'"&$B13&"'!$F$29:$F$45"))-ROW(INDIRECT("'"&$B13&"'!$F$29"))+1)/--(FIND("VERIFICACIÓN: ", INDIRECT("'"&$B13&"'!$F$29:$F$45"))),0))),1),0)>IF(MAX(IFERROR((_xlfn._xlws.FILTER((ROW(INDIRECT("'"&$B13&"'!$E$29:$E$45"))-ROW(INDIRECT("'"&$B13&"'!$E$29"))+1)/--(IF(INDIRECT("'"&$B13&"'!$E$29:$E$45")<>"",1,0)), NOT(ISNUMBER(MATCH((ROW(INDIRECT("'"&$B13&"'!$E$29:$E$45"))-ROW(INDIRECT("'"&$B13&"'!$E$29"))+1)/--(IF(INDIRECT("'"&$B13&"'!$E$29:$E$45")<>"",1,0)), (ROW(INDIRECT("'"&$B13&"'!$E$29:$E$45"))-ROW(INDIRECT("'"&$B13&"'!$E$29"))+1)/--(FIND("VERIFICACIÓN: ", INDIRECT("'"&$B13&"'!$E$29:$E$45"))), 0))))),0))<>0,INDEX(INDIRECT("'"&$B13&"'!$A$29:$G$45"),MAX((IFERROR((ROW(INDIRECT("'"&$B13&"'!$E$29:$E$45"))-ROW(INDIRECT("'"&$B13&"'!$E$29"))+1)/--(IF(INDIRECT("'"&$B13&"'!$E$29:$E$45")<>"",1,0)),0))-(IFERROR((ROW(INDIRECT("'"&$B13&"'!$E$29:$E$45"))-ROW(INDIRECT("'"&$B13&"'!$E$29"))+1)/--(FIND("VERIFICACIÓN: ", INDIRECT("'"&$B13&"'!$E$29:$E$45"))),0))),1),0),IF(MAX((IFERROR((ROW(INDIRECT("'"&$B13&"'!$F$29:$F$45"))-ROW(INDIRECT("'"&$B13&"'!$F$29"))+1)/--(IF(INDIRECT("'"&$B13&"'!$F$29:$F$45")<>"",1,0)),0))-(IFERROR((ROW(INDIRECT("'"&$B13&"'!$F$29:$F$45"))-ROW(INDIRECT("'"&$B13&"'!$F$29"))+1)/--(FIND("VERIFICACIÓN: ", INDIRECT("'"&$B13&"'!$F$29:$F$45"))),0)))<>0,INDEX(INDIRECT("'"&$B13&"'!$A$29:$G$45"),MAX((IFERROR((ROW(INDIRECT("'"&$B13&"'!$F$29:$F$45"))-ROW(INDIRECT("'"&$B13&"'!$F$29"))+1)/--(IF(INDIRECT("'"&$B13&"'!$F$29:$F$45")<>"",1,0)),0))-(IFERROR((ROW(INDIRECT("'"&$B13&"'!$F$29:$F$45"))-ROW(INDIRECT("'"&$B13&"'!$F$29"))+1)/--(FIND("VERIFICACIÓN: ", INDIRECT("'"&$B13&"'!$F$29:$F$45"))),0))),1),0),IF(MAX(IFERROR((_xlfn._xlws.FILTER((ROW(INDIRECT("'"&$B13&"'!$E$29:$E$45"))-ROW(INDIRECT("'"&$B13&"'!$E$29"))+1)/--(IF(INDIRECT("'"&$B13&"'!$E$29:$E$45")<>"",1,0)), NOT(ISNUMBER(MATCH((ROW(INDIRECT("'"&$B13&"'!$E$29:$E$45"))-ROW(INDIRECT("'"&$B13&"'!$E$29"))+1)/--(IF(INDIRECT("'"&$B13&"'!$E$29:$E$45")<>"",1,0)), (ROW(INDIRECT("'"&$B13&"'!$E$29:$E$45"))-ROW(INDIRECT("'"&$B13&"'!$E$29"))+1)/--(FIND("VERIFICACIÓN: ", INDIRECT("'"&$B13&"'!$E$29:$E$45"))), 0))))),0))<>0,INDEX(INDIRECT("'"&$B13&"'!$A$29:$G$45"),MAX((IFERROR((ROW(INDIRECT("'"&$B13&"'!$E$29:$E$45"))-ROW(INDIRECT("'"&$B13&"'!$E$29"))+1)/--(IF(INDIRECT("'"&$B13&"'!$E$29:$E$45")<>"",1,0)),0))-(IFERROR((ROW(INDIRECT("'"&$B13&"'!$E$29:$E$45"))-ROW(INDIRECT("'"&$B13&"'!$E$29"))+1)/--(FIND("VERIFICACIÓN: ", INDIRECT("'"&$B13&"'!$E$29:$E$45"))),0))),1),0))} -> 45489 | S13: Calibrado | T13: {=IF(IF(MAX((IFERROR((ROW(INDIRECT("'"&$B13&"'!$F$29:$F$45"))-ROW(INDIRECT("'"&$B13&"'!$F$29"))+1)/--(IF(INDIRECT("'"&$B13&"'!$F$29:$F$45")<>"",1,0)),0))-(IFERROR((ROW(INDIRECT("'"&$B13&"'!$F$29:$F$45"))-ROW(INDIRECT("'"&$B13&"'!$F$29"))+1)/--(FIND("VERIFICACIÓN: ", INDIRECT("'"&$B13&"'!$F$29:$F$45"))),0)))<>0,INDEX(INDIRECT("'"&$B13&"'!$A$29:$G$45"),MAX((IFERROR((ROW(INDIRECT("'"&$B13&"'!$F$29:$F$45"))-ROW(INDIRECT("'"&$B13&"'!$F$29"))+1)/--(IF(INDIRECT("'"&$B13&"'!$F$29:$F$45")<>"",1,0)),0))-(IFERROR((ROW(INDIRECT("'"&$B13&"'!$F$29:$F$45"))-ROW(INDIRECT("'"&$B13&"'!$F$29"))+1)/--(FIND("VERIFICACIÓN: ", INDIRECT("'"&$B13&"'!$F$29:$F$45"))),0))),1),0)>IF(MAX(IFERROR((_xlfn._xlws.FILTER((ROW(INDIRECT("'"&$B13&"'!$E$29:$E$45"))-ROW(INDIRECT("'"&$B13&"'!$E$29"))+1)/--(IF(INDIRECT("'"&$B13&"'!$E$29:$E$45")<>"",1,0)), NOT(ISNUMBER(MATCH((ROW(INDIRECT("'"&$B13&"'!$E$29:$E$45"))-ROW(INDIRECT("'"&$B13&"'!$E$29"))+1)/--(IF(INDIRECT("'"&$B13&"'!$E$29:$E$45")<>"",1,0)), (ROW(INDIRECT("'"&$B13&"'!$E$29:$E$45"))-ROW(INDIRECT("'"&$B13&"'!$E$29"))+1)/--(FIND("VERIFICACIÓN: ", INDIRECT("'"&$B13&"'!$E$29:$E$45"))), 0))))),0))<>0,INDEX(INDIRECT("'"&$B13&"'!$A$29:$G$45"),MAX((IFERROR((ROW(INDIRECT("'"&$B13&"'!$E$29:$E$45"))-ROW(INDIRECT("'"&$B13&"'!$E$29"))+1)/--(IF(INDIRECT("'"&$B13&"'!$E$29:$E$45")<>"",1,0)),0))-(IFERROR((ROW(INDIRECT("'"&$B13&"'!$E$29:$E$45"))-ROW(INDIRECT("'"&$B13&"'!$E$29"))+1)/--(FIND("VERIFICACIÓN: ", INDIRECT("'"&$B13&"'!$E$29:$E$45"))),0))),1),0),IF(MAX((IFERROR((ROW(INDIRECT("'"&$B13&"'!$F$29:$F$45"))-ROW(INDIRECT("'"&$B13&"'!$F$29"))+1)/--(IF(INDIRECT("'"&$B13&"'!$F$29:$F$45")<>"",1,0)),0))-(IFERROR((ROW(INDIRECT("'"&$B13&"'!$F$29:$F$45"))-ROW(INDIRECT("'"&$B13&"'!$F$29"))+1)/--(FIND("VERIFICACIÓN: ", INDIRECT("'"&$B13&"'!$F$29:$F$45"))),0)))<>0,INDEX(INDIRECT("'"&$B13&"'!$A$29:$G$45"),MAX((IFERROR((ROW(INDIRECT("'"&$B13&"'!$F$29:$F$45"))-ROW(INDIRECT("'"&$B13&"'!$F$29"))+1)/--(IF(INDIRECT("'"&$B13&"'!$F$29:$F$45")<>"",1,0)),0))-(IFERROR((ROW(INDIRECT("'"&$B13&"'!$F$29:$F$45"))-ROW(INDIRECT("'"&$B13&"'!$F$29"))+1)/--(FIND("VERIFICACIÓN: ", INDIRECT("'"&$B13&"'!$F$29:$F$45"))),0))),6),"NO DISPONIBLE"),IF(MAX(IFERROR((_xlfn._xlws.FILTER((ROW(INDIRECT("'"&$B13&"'!$E$29:$E$45"))-ROW(INDIRECT("'"&$B13&"'!$E$29"))+1)/--(IF(INDIRECT("'"&$B13&"'!$E$29:$E$45")<>"",1,0)), NOT(ISNUMBER(MATCH((ROW(INDIRECT("'"&$B13&"'!$E$29:$E$45"))-ROW(INDIRECT("'"&$B13&"'!$E$29"))+1)/--(IF(INDIRECT("'"&$B13&"'!$E$29:$E$45")<>"",1,0)), (ROW(INDIRECT("'"&$B13&"'!$E$29:$E$45"))-ROW(INDIRECT("'"&$B13&"'!$E$29"))+1)/--(FIND("VERIFICACIÓN: ", INDIRECT("'"&$B13&"'!$E$29:$E$45"))), 0))))),0))<>0,INDEX(INDIRECT("'"&$B13&"'!$A$29:$G$45"),MAX((IFERROR((ROW(INDIRECT("'"&$B13&"'!$E$29:$E$45"))-ROW(INDIRECT("'"&$B13&"'!$E$29"))+1)/--(IF(INDIRECT("'"&$B13&"'!$E$29:$E$45")<>"",1,0)),0))-(IFERROR((ROW(INDIRECT("'"&$B13&"'!$E$29:$E$45"))-ROW(INDIRECT("'"&$B13&"'!$E$29"))+1)/--(FIND("VERIFICACIÓN: ", INDIRECT("'"&$B13&"'!$E$29:$E$45"))),0))),5),"NO DISPONIBLE"))} -> 0343 / MMF (Fabricante) | U13: N/A | V13: {=IF((IFERROR(VLOOKUP(IFERROR(LOOKUP(2,1/((INDIRECT("'"&$B13&"'!$F$29:$F$45"))<>""),(INDIRECT("'"&$B13&"'!$F$29:$F$45"))),"NO DISPONIBLE"),CHOOSE({1,2},(INDIRECT("'"&$B13&"'!$F$29:$F$45")),(INDIRECT("'"&$B13&"'!$A$29:$A$45"))),2,0),0))>(IFERROR(VLOOKUP(IFERROR(LOOKUP(2,1/((INDIRECT("'"&$B13&"'!$E$29:$E$45"))<>""),(INDIRECT("'"&$B13&"'!$E$29:$E$45"))),"NO DISPONIBLE"),CHOOSE({1,2},(INDIRECT("'"&$B13&"'!$E$29:$E$45")),(INDIRECT("'"&$B13&"'!$A$29:$A$45"))),2,0),0)),(IFERROR(VLOOKUP(IFERROR(LOOKUP(2,1/((INDIRECT("'"&$B13&"'!$F$29:$F$45"))<>""),(INDIRECT("'"&$B13&"'!$F$29:$F$45"))),"NO DISPONIBLE"),CHOOSE({1,2},(INDIRECT("'"&$B13&"'!$F$29:$F$45")),(INDIRECT("'"&$B13&"'!$A$29:$A$45"))),2,0),0)),(IFERROR(VLOOKUP(IFERROR(LOOKUP(2,1/((INDIRECT("'"&$B13&"'!$E$29:$E$45"))<>""),(INDIRECT("'"&$B13&"'!$E$29:$E$45"))),"NO DISPONIBLE"),CHOOSE({1,2},(INDIRECT("'"&$B13&"'!$E$29:$E$45")),(INDIRECT("'"&$B13&"'!$A$29:$A$45"))),2,0),0)))} -> 45489 | W13: No aplica | X13: {=IF((IFERROR(VLOOKUP(IFERROR(LOOKUP(2,1/((INDIRECT("'"&$B13&"'!$E$29:$E$45"))<>""),(INDIRECT("'"&$B13&"'!$E$29:$E$45"))),"NO DISPONIBLE"),CHOOSE({1,2},(INDIRECT("'"&$B13&"'!$E$29:$E$45")),(INDIRECT("'"&$B13&"'!$A$29:$A$45"))),2,0),0))>(IFERROR(VLOOKUP(IFERROR(LOOKUP(2,1/((INDIRECT("'"&$B13&"'!$F$29:$F$45"))<>""),(INDIRECT("'"&$B13&"'!$F$29:$F$45"))),"NO DISPONIBLE"),CHOOSE({1,2},(INDIRECT("'"&$B13&"'!$F$29:$F$45")),(INDIRECT("'"&$B13&"'!$A$29:$A$45"))),2,0),0)),IFERROR(LOOKUP(2,1/((INDIRECT("'"&$B13&"'!$E$29:$E$45"))<>""),(INDIRECT("'"&$B13&"'!$E$29:$E$45"))),"NO DISPONIBLE"),IFERROR(LOOKUP(2,1/((INDIRECT("'"&$B13&"'!$F$29:$F$45"))<>""),(INDIRECT("'"&$B13&"'!$F$29:$F$45"))),"NO DISPONIBLE"))} -> 0343 / MMF (Fabricante) | Y13: 12 | Z13: {=IF((IFERROR(VLOOKUP(IFERROR(LOOKUP(2,1/((INDIRECT("'"&$B13&"'!$D$29:$D$45"))<>""),(INDIRECT("'"&$B13&"'!$D$29:$D$45"))),"NO DISPONIBLE"),CHOOSE({1,2},(INDIRECT("'"&$B13&"'!$D$29:$D$45")),(INDIRECT("'"&$B13&"'!$A$29:$A$45"))),2,0),0))>(IFERROR(VLOOKUP(IFERROR(LOOKUP(2,1/((INDIRECT("'"&$B13&"'!$C$29:$C$45"))<>""),(INDIRECT("'"&$B13&"'!$C$29:$C$45"))),"NO DISPONIBLE"),CHOOSE({1,2},(INDIRECT("'"&$B13&"'!$C$29:$C$45")),(INDIRECT("'"&$B13&"'!$A$29:$A$45"))),2,0),0)),(IFERROR(VLOOKUP(IFERROR(LOOKUP(2,1/((INDIRECT("'"&$B13&"'!$D$29:$D$45"))<>""),(INDIRECT("'"&$B13&"'!$D$29:$D$45"))),"NO DISPONIBLE"),CHOOSE({1,2},(INDIRECT("'"&$B13&"'!$D$29:$D$45")),(INDIRECT("'"&$B13&"'!$A$29:$A$45"))),2,0),0)),(IFERROR(VLOOKUP(IFERROR(LOOKUP(2,1/((INDIRECT("'"&$B13&"'!$C$29:$C$45"))<>""),(INDIRECT("'"&$B13&"'!$C$29:$C$45"))),"NO DISPONIBLE"),CHOOSE({1,2},(INDIRECT("'"&$B13&"'!$C$29:$C$45")),(INDIRECT("'"&$B13&"'!$A$29:$A$45"))),2,0),0)))} -> 45489 | AA13: Sin mantenimiento | AB13: {=IF((IFERROR(VLOOKUP(IFERROR(LOOKUP(2,1/((INDIRECT("'"&$B13&"'!$C$29:$C$45"))<>""),(INDIRECT("'"&$B13&"'!$C$29:$C$45"))),"NO DISPONIBLE"),CHOOSE({1,2},(INDIRECT("'"&$B13&"'!$C$29:$C$45")),(INDIRECT("'"&$B13&"'!$A$29:$A$45"))),2,0),0))>(IFERROR(VLOOKUP(IFERROR(LOOKUP(2,1/((INDIRECT("'"&$B13&"'!$D$29:$D$45"))<>""),(INDIRECT("'"&$B13&"'!$D$29:$D$45"))),"NO DISPONIBLE"),CHOOSE({1,2},(INDIRECT("'"&$B13&"'!$D$29:$D$45")),(INDIRECT("'"&$B13&"'!$A$29:$A$45"))),2,0),0)),IFERROR(LOOKUP(2,1/((INDIRECT("'"&$B13&"'!$C$29:$C$45"))<>""),(INDIRECT("'"&$B13&"'!$C$29:$C$45"))),"NO DISPONIBLE"),IFERROR(LOOKUP(2,1/((INDIRECT("'"&$B13&"'!$D$29:$D$45"))<>""),(INDIRECT("'"&$B13&"'!$D$29:$D$45"))),"NO DISPONIBLE"))} -> EQUIPO NUEVO | AC13: ASEGURAMIENTO
A14: MJM-014 | B14: {=INDIRECT("'"&$B14&"'!$A$6")} -> TERMOHIGRÓMETRO | C14: {=INDIRECT("'"&$B14&"'!$G$14")} -> UNI-T | D14: {=INDIRECT("'"&$B14&"'!$G$15")} -> A12T | E14: {=INDIRECT("'"&$B14&"'!$G$16")} -> C21026329 | F14: LABORATORIO 1 | G14: OPERATIVO | H14: {=INDIRECT("'"&$B14&"'!$G$11")} -> TEMPERATURA | I14: {=INDIRECT("'"&$B14&"'!$C$11")} -> ALTA | J14: {=INDIRECT("'"&$B14&"'!$G$21")} -> 99°C | K14: {=INDIRECT("'"&$B14&"'!$G$22")} -> N/A | L14: {=INDIRECT("'"&$B14&"'!$G$23")} -> 0,1°C | N14: {=INDIRECT("'"&$B14&"'!$G$22")} -> N/A | P14: {=IFERROR(LOOKUP(2,1/((INDIRECT("'"&$B14&"'!$G$29:$G$45"))<>""),(INDIRECT("'"&$B14&"'!$G$29:$G$45"))),"NO DISPONIBLE")} -> FUNCIONAL | Q14: 24 | R14: {=IF(IF(MAX((IFERROR((ROW(INDIRECT("'"&$B14&"'!$F$29:$F$45"))-ROW(INDIRECT("'"&$B14&"'!$F$29"))+1)/--(IF(INDIRECT("'"&$B14&"'!$F$29:$F$45")<>"",1,0)),0))-(IFERROR((ROW(INDIRECT("'"&$B14&"'!$F$29:$F$45"))-ROW(INDIRECT("'"&$B14&"'!$F$29"))+1)/--(FIND("VERIFICACIÓN: ", INDIRECT("'"&$B14&"'!$F$29:$F$45"))),0)))<>0,INDEX(INDIRECT("'"&$B14&"'!$A$29:$G$45"),MAX((IFERROR((ROW(INDIRECT("'"&$B14&"'!$F$29:$F$45"))-ROW(INDIRECT("'"&$B14&"'!$F$29"))+1)/--(IF(INDIRECT("'"&$B14&"'!$F$29:$F$45")<>"",1,0)),0))-(IFERROR((ROW(INDIRECT("'"&$B14&"'!$F$29:$F$45"))-ROW(INDIRECT("'"&$B14&"'!$F$29"))+1)/--(FIND("VERIFICACIÓN: ", INDIRECT("'"&$B14&"'!$F$29:$F$45"))),0))),1),0)>IF(MAX(IFERROR((_xlfn._xlws.FILTER((ROW(INDIRECT("'"&$B14&"'!$E$29:$E$45"))-ROW(INDIRECT("'"&$B14&"'!$E$29"))+1)/--(IF(INDIRECT("'"&$B14&"'!$E$29:$E$45")<>"",1,0)), NOT(ISNUMBER(MATCH((ROW(INDIRECT("'"&$B14&"'!$E$29:$E$45"))-ROW(INDIRECT("'"&$B14&"'!$E$29"))+1)/--(IF(INDIRECT("'"&$B14&"'!$E$29:$E$45")<>"",1,0)), (ROW(INDIRECT("'"&$B14&"'!$E$29:$E$45"))-ROW(INDIRECT("'"&$B14&"'!$E$29"))+1)/--(FIND("VERIFICACIÓN: ", INDIRECT("'"&$B14&"'!$E$29:$E$45"))), 0))))),0))<>0,INDEX(INDIRECT("'"&$B14&"'!$A$29:$G$45"),MAX((IFERROR((ROW(INDIRECT("'"&$B14&"'!$E$29:$E$45"))-ROW(INDIRECT("'"&$B14&"'!$E$29"))+1)/--(IF(INDIRECT("'"&$B14&"'!$E$29:$E$45")<>"",1,0)),0))-(IFERROR((ROW(INDIRECT("'"&$B14&"'!$E$29:$E$45"))-ROW(INDIRECT("'"&$B14&"'!$E$29"))+1)/--(FIND("VERIFICACIÓN: ", INDIRECT("'"&$B14&"'!$E$29:$E$45"))),0))),1),0),IF(MAX((IFERROR((ROW(INDIRECT("'"&$B14&"'!$F$29:$F$45"))-ROW(INDIRECT("'"&$B14&"'!$F$29"))+1)/--(IF(INDIRECT("'"&$B14&"'!$F$29:$F$45")<>"",1,0)),0))-(IFERROR((ROW(INDIRECT("'"&$B14&"'!$F$29:$F$45"))-ROW(INDIRECT("'"&$B14&"'!$F$29"))+1)/--(FIND("VERIFICACIÓN: ", INDIRECT("'"&$B14&"'!$F$29:$F$45"))),0)))<>0,INDEX(INDIRECT("'"&$B14&"'!$A$29:$G$45"),MAX((IFERROR((ROW(INDIRECT("'"&$B14&"'!$F$29:$F$45"))-ROW(INDIRECT("'"&$B14&"'!$F$29"))+1)/--(IF(INDIRECT("'"&$B14&"'!$F$29:$F$45")<>"",1,0)),0))-(IFERROR((ROW(INDIRECT("'"&$B14&"'!$F$29:$F$45"))-ROW(INDIRECT("'"&$B14&"'!$F$29"))+1)/--(FIND("VERIFICACIÓN: ", INDIRECT("'"&$B14&"'!$F$29:$F$45"))),0))),1),0),IF(MAX(IFERROR((_xlfn._xlws.FILTER((ROW(INDIRECT("'"&$B14&"'!$E$29:$E$45"))-ROW(INDIRECT("'"&$B14&"'!$E$29"))+1)/--(IF(INDIRECT("'"&$B14&"'!$E$29:$E$45")<>"",1,0)), NOT(ISNUMBER(MATCH((ROW(INDIRECT("'"&$B14&"'!$E$29:$E$45"))-ROW(INDIRECT("'"&$B14&"'!$E$29"))+1)/--(IF(INDIRECT("'"&$B14&"'!$E$29:$E$45")<>"",1,0)), (ROW(INDIRECT("'"&$B14&"'!$E$29:$E$45"))-ROW(INDIRECT("'"&$B14&"'!$E$29"))+1)/--(FIND("VERIFICACIÓN: ", INDIRECT("'"&$B14&"'!$E$29:$E$45"))), 0))))),0))<>0,INDEX(INDIRECT("'"&$B14&"'!$A$29:$G$45"),MAX((IFERROR((ROW(INDIRECT("'"&$B14&"'!$E$29:$E$45"))-ROW(INDIRECT("'"&$B14&"'!$E$29"))+1)/--(IF(INDIRECT("'"&$B14&"'!$E$29:$E$45")<>"",1,0)),0))-(IFERROR((ROW(INDIRECT("'"&$B14&"'!$E$29:$E$45"))-ROW(INDIRECT("'"&$B14&"'!$E$29"))+1)/--(FIND("VERIFICACIÓN: ", INDIRECT("'"&$B14&"'!$E$29:$E$45"))),0))),1),0))} -> 45922 | S14: Calibrado | T14: {=IF(IF(MAX((IFERROR((ROW(INDIRECT("'"&$B14&"'!$F$29:$F$45"))-ROW(INDIRECT("'"&$B14&"'!$F$29"))+1)/--(IF(INDIRECT("'"&$B14&"'!$F$29:$F$45")<>"",1,0)),0))-(IFERROR((ROW(INDIRECT("'"&$B14&"'!$F$29:$F$45"))-ROW(INDIRECT("'"&$B14&"'!$F$29"))+1)/--(FIND("VERIFICACIÓN: ", INDIRECT("'"&$B14&"'!$F$29:$F$45"))),0)))<>0,INDEX(INDIRECT("'"&$B14&"'!$A$29:$G$45"),MAX((IFERROR((ROW(INDIRECT("'"&$B14&"'!$F$29:$F$45"))-ROW(INDIRECT("'"&$B14&"'!$F$29"))+1)/--(IF(INDIRECT("'"&$B14&"'!$F$29:$F$45")<>"",1,0)),0))-(IFERROR((ROW(INDIRECT("'"&$B14&"'!$F$29:$F$45"))-ROW(INDIRECT("'"&$B14&"'!$F$29"))+1)/--(FIND("VERIFICACIÓN: ", INDIRECT("'"&$B14&"'!$F$29:$F$45"))),0))),1),0)>IF(MAX(IFERROR((_xlfn._xlws.FILTER((ROW(INDIRECT("'"&$B14&"'!$E$29:$E$45"))-ROW(INDIRECT("'"&$B14&"'!$E$29"))+1)/--(IF(INDIRECT("'"&$B14&"'!$E$29:$E$45")<>"",1,0)), NOT(ISNUMBER(MATCH((ROW(INDIRECT("'"&$B14&"'!$E$29:$E$45"))-ROW(INDIRECT("'"&$B14&"'!$E$29"))+1)/--(IF(INDIRECT("'"&$B14&"'!$E$29:$E$45")<>"",1,0)), (ROW(INDIRECT("'"&$B14&"'!$E$29:$E$45"))-ROW(INDIRECT("'"&$B14&"'!$E$29"))+1)/--(FIND("VERIFICACIÓN: ", INDIRECT("'"&$B14&"'!$E$29:$E$45"))), 0))))),0))<>0,INDEX(INDIRECT("'"&$B14&"'!$A$29:$G$45"),MAX((IFERROR((ROW(INDIRECT("'"&$B14&"'!$E$29:$E$45"))-ROW(INDIRECT("'"&$B14&"'!$E$29"))+1)/--(IF(INDIRECT("'"&$B14&"'!$E$29:$E$45")<>"",1,0)),0))-(IFERROR((ROW(INDIRECT("'"&$B14&"'!$E$29:$E$45"))-ROW(INDIRECT("'"&$B14&"'!$E$29"))+1)/--(FIND("VERIFICACIÓN: ", INDIRECT("'"&$B14&"'!$E$29:$E$45"))),0))),1),0),IF(MAX((IFERROR((ROW(INDIRECT("'"&$B14&"'!$F$29:$F$45"))-ROW(INDIRECT("'"&$B14&"'!$F$29"))+1)/--(IF(INDIRECT("'"&$B14&"'!$F$29:$F$45")<>"",1,0)),0))-(IFERROR((ROW(INDIRECT("'"&$B14&"'!$F$29:$F$45"))-ROW(INDIRECT("'"&$B14&"'!$F$29"))+1)/--(FIND("VERIFICACIÓN: ", INDIRECT("'"&$B14&"'!$F$29:$F$45"))),0)))<>0,INDEX(INDIRECT("'"&$B14&"'!$A$29:$G$45"),MAX((IFERROR((ROW(INDIRECT("'"&$B14&"'!$F$29:$F$45"))-ROW(INDIRECT("'"&$B14&"'!$F$29"))+1)/--(IF(INDIRECT("'"&$B14&"'!$F$29:$F$45")<>"",1,0)),0))-(IFERROR((ROW(INDIRECT("'"&$B14&"'!$F$29:$F$45"))-ROW(INDIRECT("'"&$B14&"'!$F$29"))+1)/--(FIND("VERIFICACIÓN: ", INDIRECT("'"&$B14&"'!$F$29:$F$45"))),0))),6),"NO DISPONIBLE"),IF(MAX(IFERROR((_xlfn._xlws.FILTER((ROW(INDIRECT("'"&$B14&"'!$E$29:$E$45"))-ROW(INDIRECT("'"&$B14&"'!$E$29"))+1)/--(IF(INDIRECT("'"&$B14&"'!$E$29:$E$45")<>"",1,0)), NOT(ISNUMBER(MATCH((ROW(INDIRECT("'"&$B14&"'!$E$29:$E$45"))-ROW(INDIRECT("'"&$B14&"'!$E$29"))+1)/--(IF(INDIRECT("'"&$B14&"'!$E$29:$E$45")<>"",1,0)), (ROW(INDIRECT("'"&$B14&"'!$E$29:$E$45"))-ROW(INDIRECT("'"&$B14&"'!$E$29"))+1)/--(FIND("VERIFICACIÓN: ", INDIRECT("'"&$B14&"'!$E$29:$E$45"))), 0))))),0))<>0,INDEX(INDIRECT("'"&$B14&"'!$A$29:$G$45"),MAX((IFERROR((ROW(INDIRECT("'"&$B14&"'!$E$29:$E$45"))-ROW(INDIRECT("'"&$B14&"'!$E$29"))+1)/--(IF(INDIRECT("'"&$B14&"'!$E$29:$E$45")<>"",1,0)),0))-(IFERROR((ROW(INDIRECT("'"&$B14&"'!$E$29:$E$45"))-ROW(INDIRECT("'"&$B14&"'!$E$29"))+1)/--(FIND("VERIFICACIÓN: ", INDIRECT("'"&$B14&"'!$E$29:$E$45"))),0))),5),"NO DISPONIBLE"))} -> CALIBRACIÓN LT-6111-25 / INMET | U14: N/A | V14: {=IF((IFERROR(VLOOKUP(IFERROR(LOOKUP(2,1/((INDIRECT("'"&$B14&"'!$F$29:$F$45"))<>""),(INDIRECT("'"&$B14&"'!$F$29:$F$45"))),"NO DISPONIBLE"),CHOOSE({1,2},(INDIRECT("'"&$B14&"'!$F$29:$F$45")),(INDIRECT("'"&$B14&"'!$A$29:$A$45"))),2,0),0))>(IFERROR(VLOOKUP(IFERROR(LOOKUP(2,1/((INDIRECT("'"&$B14&"'!$E$29:$E$45"))<>""),(INDIRECT("'"&$B14&"'!$E$29:$E$45"))),"NO DISPONIBLE"),CHOOSE({1,2},(INDIRECT("'"&$B14&"'!$E$29:$E$45")),(INDIRECT("'"&$B14&"'!$A$29:$A$45"))),2,0),0)),(IFERROR(VLOOKUP(IFERROR(LOOKUP(2,1/((INDIRECT("'"&$B14&"'!$F$29:$F$45"))<>""),(INDIRECT("'"&$B14&"'!$F$29:$F$45"))),"NO DISPONIBLE"),CHOOSE({1,2},(INDIRECT("'"&$B14&"'!$F$29:$F$45")),(INDIRECT("'"&$B14&"'!$A$29:$A$45"))),2,0),0)),(IFERROR(VLOOKUP(IFERROR(LOOKUP(2,1/((INDIRECT("'"&$B14&"'!$E$29:$E$45"))<>""),(INDIRECT("'"&$B14&"'!$E$29:$E$45"))),"NO DISPONIBLE"),CHOOSE({1,2},(INDIRECT("'"&$B14&"'!$E$29:$E$45")),(INDIRECT("'"&$B14&"'!$A$29:$A$45"))),2,0),0)))} -> 45922 | W14: No aplica | X14: {=IF((IFERROR(VLOOKUP(IFERROR(LOOKUP(2,1/((INDIRECT("'"&$B14&"'!$E$29:$E$45"))<>""),(INDIRECT("'"&$B14&"'!$E$29:$E$45"))),"NO DISPONIBLE"),CHOOSE({1,2},(INDIRECT("'"&$B14&"'!$E$29:$E$45")),(INDIRECT("'"&$B14&"'!$A$29:$A$45"))),2,0),0))>(IFERROR(VLOOKUP(IFERROR(LOOKUP(2,1/((INDIRECT("'"&$B14&"'!$F$29:$F$45"))<>""),(INDIRECT("'"&$B14&"'!$F$29:$F$45"))),"NO DISPONIBLE"),CHOOSE({1,2},(INDIRECT("'"&$B14&"'!$F$29:$F$45")),(INDIRECT("'"&$B14&"'!$A$29:$A$45"))),2,0),0)),IFERROR(LOOKUP(2,1/((INDIRECT("'"&$B14&"'!$E$29:$E$45"))<>""),(INDIRECT("'"&$B14&"'!$E$29:$E$45"))),"NO DISPONIBLE"),IFERROR(LOOKUP(2,1/((INDIRECT("'"&$B14&"'!$F$29:$F$45"))<>""),(INDIRECT("'"&$B14&"'!$F$29:$F$45"))),"NO DISPONIBLE"))} -> CALIBRACIÓN LT-6111-25 / INMET | Y14: N/A | Z14: {=IF((IFERROR(VLOOKUP(IFERROR(LOOKUP(2,1/((INDIRECT("'"&$B14&"'!$D$29:$D$45"))<>""),(INDIRECT("'"&$B14&"'!$D$29:$D$45"))),"NO DISPONIBLE"),CHOOSE({1,2},(INDIRECT("'"&$B14&"'!$D$29:$D$45")),(INDIRECT("'"&$B14&"'!$A$29:$A$45"))),2,0),0))>(IFERROR(VLOOKUP(IFERROR(LOOKUP(2,1/((INDIRECT("'"&$B14&"'!$C$29:$C$45"))<>""),(INDIRECT("'"&$B14&"'!$C$29:$C$45"))),"NO DISPONIBLE"),CHOOSE({1,2},(INDIRECT("'"&$B14&"'!$C$29:$C$45")),(INDIRECT("'"&$B14&"'!$A$29:$A$45"))),2,0),0)),(IFERROR(VLOOKUP(IFERROR(LOOKUP(2,1/((INDIRECT("'"&$B14&"'!$D$29:$D$45"))<>""),(INDIRECT("'"&$B14&"'!$D$29:$D$45"))),"NO DISPONIBLE"),CHOOSE({1,2},(INDIRECT("'"&$B14&"'!$D$29:$D$45")),(INDIRECT("'"&$B14&"'!$A$29:$A$45"))),2,0),0)),(IFERROR(VLOOKUP(IFERROR(LOOKUP(2,1/((INDIRECT("'"&$B14&"'!$C$29:$C$45"))<>""),(INDIRECT("'"&$B14&"'!$C$29:$C$45"))),"NO DISPONIBLE"),CHOOSE({1,2},(INDIRECT("'"&$B14&"'!$C$29:$C$45")),(INDIRECT("'"&$B14&"'!$A$29:$A$45"))),2,0),0)))} -> 0 | AA14: No aplica | AB14: {=IF((IFERROR(VLOOKUP(IFERROR(LOOKUP(2,1/((INDIRECT("'"&$B14&"'!$C$29:$C$45"))<>""),(INDIRECT("'"&$B14&"'!$C$29:$C$45"))),"NO DISPONIBLE"),CHOOSE({1,2},(INDIRECT("'"&$B14&"'!$C$29:$C$45")),(INDIRECT("'"&$B14&"'!$A$29:$A$45"))),2,0),0))>(IFERROR(VLOOKUP(IFERROR(LOOKUP(2,1/((INDIRECT("'"&$B14&"'!$D$29:$D$45"))<>""),(INDIRECT("'"&$B14&"'!$D$29:$D$45"))),"NO DISPONIBLE"),CHOOSE({1,2},(INDIRECT("'"&$B14&"'!$D$29:$D$45")),(INDIRECT("'"&$B14&"'!$A$29:$A$45"))),2,0),0)),IFERROR(LOOKUP(2,1/((INDIRECT("'"&$B14&"'!$C$29:$C$45"))<>""),(INDIRECT("'"&$B14&"'!$C$29:$C$45"))),"NO DISPONIBLE"),IFERROR(LOOKUP(2,1/((INDIRECT("'"&$B14&"'!$D$29:$D$45"))<>""),(INDIRECT("'"&$B14&"'!$D$29:$D$45"))),"NO DISPONIBLE"))} -> NO DISPONIBLE | AC14: ASEGURAMIENTO
A15: MJM-017 | B15: {=INDIRECT("'"&$B15&"'!$A$6")} -> PIE DE REY | C15: {=INDIRECT("'"&$B15&"'!$G$14")} -> UBERMANN | D15: {=INDIRECT("'"&$B15&"'!$G$15")} -> RM811 | E15: {=INDIRECT("'"&$B15&"'!$G$16")} -> NO PORTA | F15: LABORATORIO 1 | G15: OPERATIVO | H15: {=INDIRECT("'"&$B15&"'!$G$11")} -> LONGITUD | I15: {=INDIRECT("'"&$B15&"'!$C$11")} -> MEDIA | J15: {=INDIRECT("'"&$B15&"'!$G$21")} -> 20 cm | K15: {=INDIRECT("'"&$B15&"'!$G$22")} -> 0,002 mm | L15: {=INDIRECT("'"&$B15&"'!$G$23")} -> 0,002 mm | N15: {=INDIRECT("'"&$B15&"'!$G$22")} -> 0,002 mm | P15: {=IFERROR(LOOKUP(2,1/((INDIRECT("'"&$B15&"'!$G$29:$G$45"))<>""),(INDIRECT("'"&$B15&"'!$G$29:$G$45"))),"NO DISPONIBLE")} -> FUNCIONAL | Q15: N/A | R15: {=IF(IF(MAX((IFERROR((ROW(INDIRECT("'"&$B15&"'!$F$29:$F$45"))-ROW(INDIRECT("'"&$B15&"'!$F$29"))+1)/--(IF(INDIRECT("'"&$B15&"'!$F$29:$F$45")<>"",1,0)),0))-(IFERROR((ROW(INDIRECT("'"&$B15&"'!$F$29:$F$45"))-ROW(INDIRECT("'"&$B15&"'!$F$29"))+1)/--(FIND("VERIFICACIÓN: ", INDIRECT("'"&$B15&"'!$F$29:$F$45"))),0)))<>0,INDEX(INDIRECT("'"&$B15&"'!$A$29:$G$45"),MAX((IFERROR((ROW(INDIRECT("'"&$B15&"'!$F$29:$F$45"))-ROW(INDIRECT("'"&$B15&"'!$F$29"))+1)/--(IF(INDIRECT("'"&$B15&"'!$F$29:$F$45")<>"",1,0)),0))-(IFERROR((ROW(INDIRECT("'"&$B15&"'!$F$29:$F$45"))-ROW(INDIRECT("'"&$B15&"'!$F$29"))+1)/--(FIND("VERIFICACIÓN: ", INDIRECT("'"&$B15&"'!$F$29:$F$45"))),0))),1),0)>IF(MAX(IFERROR((_xlfn._xlws.FILTER((ROW(INDIRECT("'"&$B15&"'!$E$29:$E$45"))-ROW(INDIRECT("'"&$B15&"'!$E$29"))+1)/--(IF(INDIRECT("'"&$B15&"'!$E$29:$E$45")<>"",1,0)), NOT(ISNUMBER(MATCH((ROW(INDIRECT("'"&$B15&"'!$E$29:$E$45"))-ROW(INDIRECT("'"&$B15&"'!$E$29"))+1)/--(IF(INDIRECT("'"&$B15&"'!$E$29:$E$45")<>"",1,0)), (ROW(INDIRECT("'"&$B15&"'!$E$29:$E$45"))-ROW(INDIRECT("'"&$B15&"'!$E$29"))+1)/--(FIND("VERIFICACIÓN: ", INDIRECT("'"&$B15&"'!$E$29:$E$45"))), 0))))),0))<>0,INDEX(INDIRECT("'"&$B15&"'!$A$29:$G$45"),MAX((IFERROR((ROW(INDIRECT("'"&$B15&"'!$E$29:$E$45"))-ROW(INDIRECT("'"&$B15&"'!$E$29"))+1)/--(IF(INDIRECT("'"&$B15&"'!$E$29:$E$45")<>"",1,0)),0))-(IFERROR((ROW(INDIRECT("'"&$B15&"'!$E$29:$E$45"))-ROW(INDIRECT("'"&$B15&"'!$E$29"))+1)/--(FIND("VERIFICACIÓN: ", INDIRECT("'"&$B15&"'!$E$29:$E$45"))),0))),1),0),IF(MAX((IFERROR((ROW(INDIRECT("'"&$B15&"'!$F$29:$F$45"))-ROW(INDIRECT("'"&$B15&"'!$F$29"))+1)/--(IF(INDIRECT("'"&$B15&"'!$F$29:$F$45")<>"",1,0)),0))-(IFERROR((ROW(INDIRECT("'"&$B15&"'!$F$29:$F$45"))-ROW(INDIRECT("'"&$B15&"'!$F$29"))+1)/--(FIND("VERIFICACIÓN: ", INDIRECT("'"&$B15&"'!$F$29:$F$45"))),0)))<>0,INDEX(INDIRECT("'"&$B15&"'!$A$29:$G$45"),MAX((IFERROR((ROW(INDIRECT("'"&$B15&"'!$F$29:$F$45"))-ROW(INDIRECT("'"&$B15&"'!$F$29"))+1)/--(IF(INDIRECT("'"&$B15&"'!$F$29:$F$45")<>"",1,0)),0))-(IFERROR((ROW(INDIRECT("'"&$B15&"'!$F$29:$F$45"))-ROW(INDIRECT("'"&$B15&"'!$F$29"))+1)/--(FIND("VERIFICACIÓN: ", INDIRECT("'"&$B15&"'!$F$29:$F$45"))),0))),1),0),IF(MAX(IFERROR((_xlfn._xlws.FILTER((ROW(INDIRECT("'"&$B15&"'!$E$29:$E$45"))-ROW(INDIRECT("'"&$B15&"'!$E$29"))+1)/--(IF(INDIRECT("'"&$B15&"'!$E$29:$E$45")<>"",1,0)), NOT(ISNUMBER(MATCH((ROW(INDIRECT("'"&$B15&"'!$E$29:$E$45"))-ROW(INDIRECT("'"&$B15&"'!$E$29"))+1)/--(IF(INDIRECT("'"&$B15&"'!$E$29:$E$45")<>"",1,0)), (ROW(INDIRECT("'"&$B15&"'!$E$29:$E$45"))-ROW(INDIRECT("'"&$B15&"'!$E$29"))+1)/--(FIND("VERIFICACIÓN: ", INDIRECT("'"&$B15&"'!$E$29:$E$45"))), 0))))),0))<>0,INDEX(INDIRECT("'"&$B15&"'!$A$29:$G$45"),MAX((IFERROR((ROW(INDIRECT("'"&$B15&"'!$E$29:$E$45"))-ROW(INDIRECT("'"&$B15&"'!$E$29"))+1)/--(IF(INDIRECT("'"&$B15&"'!$E$29:$E$45")<>"",1,0)),0))-(IFERROR((ROW(INDIRECT("'"&$B15&"'!$E$29:$E$45"))-ROW(INDIRECT("'"&$B15&"'!$E$29"))+1)/--(FIND("VERIFICACIÓN: ", INDIRECT("'"&$B15&"'!$E$29:$E$45"))),0))),1),0))} -> 0 | S15: No aplica | T15: {=IF(IF(MAX((IFERROR((ROW(INDIRECT("'"&$B15&"'!$F$29:$F$45"))-ROW(INDIRECT("'"&$B15&"'!$F$29"))+1)/--(IF(INDIRECT("'"&$B15&"'!$F$29:$F$45")<>"",1,0)),0))-(IFERROR((ROW(INDIRECT("'"&$B15&"'!$F$29:$F$45"))-ROW(INDIRECT("'"&$B15&"'!$F$29"))+1)/--(FIND("VERIFICACIÓN: ", INDIRECT("'"&$B15&"'!$F$29:$F$45"))),0)))<>0,INDEX(INDIRECT("'"&$B15&"'!$A$29:$G$45"),MAX((IFERROR((ROW(INDIRECT("'"&$B15&"'!$F$29:$F$45"))-ROW(INDIRECT("'"&$B15&"'!$F$29"))+1)/--(IF(INDIRECT("'"&$B15&"'!$F$29:$F$45")<>"",1,0)),0))-(IFERROR((ROW(INDIRECT("'"&$B15&"'!$F$29:$F$45"))-ROW(INDIRECT("'"&$B15&"'!$F$29"))+1)/--(FIND("VERIFICACIÓN: ", INDIRECT("'"&$B15&"'!$F$29:$F$45"))),0))),1),0)>IF(MAX(IFERROR((_xlfn._xlws.FILTER((ROW(INDIRECT("'"&$B15&"'!$E$29:$E$45"))-ROW(INDIRECT("'"&$B15&"'!$E$29"))+1)/--(IF(INDIRECT("'"&$B15&"'!$E$29:$E$45")<>"",1,0)), NOT(ISNUMBER(MATCH((ROW(INDIRECT("'"&$B15&"'!$E$29:$E$45"))-ROW(INDIRECT("'"&$B15&"'!$E$29"))+1)/--(IF(INDIRECT("'"&$B15&"'!$E$29:$E$45")<>"",1,0)), (ROW(INDIRECT("'"&$B15&"'!$E$29:$E$45"))-ROW(INDIRECT("'"&$B15&"'!$E$29"))+1)/--(FIND("VERIFICACIÓN: ", INDIRECT("'"&$B15&"'!$E$29:$E$45"))), 0))))),0))<>0,INDEX(INDIRECT("'"&$B15&"'!$A$29:$G$45"),MAX((IFERROR((ROW(INDIRECT("'"&$B15&"'!$E$29:$E$45"))-ROW(INDIRECT("'"&$B15&"'!$E$29"))+1)/--(IF(INDIRECT("'"&$B15&"'!$E$29:$E$45")<>"",1,0)),0))-(IFERROR((ROW(INDIRECT("'"&$B15&"'!$E$29:$E$45"))-ROW(INDIRECT("'"&$B15&"'!$E$29"))+1)/--(FIND("VERIFICACIÓN: ", INDIRECT("'"&$B15&"'!$E$29:$E$45"))),0))),1),0),IF(MAX((IFERROR((ROW(INDIRECT("'"&$B15&"'!$F$29:$F$45"))-ROW(INDIRECT("'"&$B15&"'!$F$29"))+1)/--(IF(INDIRECT("'"&$B15&"'!$F$29:$F$45")<>"",1,0)),0))-(IFERROR((ROW(INDIRECT("'"&$B15&"'!$F$29:$F$45"))-ROW(INDIRECT("'"&$B15&"'!$F$29"))+1)/--(FIND("VERIFICACIÓN: ", INDIRECT("'"&$B15&"'!$F$29:$F$45"))),0)))<>0,INDEX(INDIRECT("'"&$B15&"'!$A$29:$G$45"),MAX((IFERROR((ROW(INDIRECT("'"&$B15&"'!$F$29:$F$45"))-ROW(INDIRECT("'"&$B15&"'!$F$29"))+1)/--(IF(INDIRECT("'"&$B15&"'!$F$29:$F$45")<>"",1,0)),0))-(IFERROR((ROW(INDIRECT("'"&$B15&"'!$F$29:$F$45"))-ROW(INDIRECT("'"&$B15&"'!$F$29"))+1)/--(FIND("VERIFICACIÓN: ", INDIRECT("'"&$B15&"'!$F$29:$F$45"))),0))),6),"NO DISPONIBLE"),IF(MAX(IFERROR((_xlfn._xlws.FILTER((ROW(INDIRECT("'"&$B15&"'!$E$29:$E$45"))-ROW(INDIRECT("'"&$B15&"'!$E$29"))+1)/--(IF(INDIRECT("'"&$B15&"'!$E$29:$E$45")<>"",1,0)), NOT(ISNUMBER(MATCH((ROW(INDIRECT("'"&$B15&"'!$E$29:$E$45"))-ROW(INDIRECT("'"&$B15&"'!$E$29"))+1)/--(IF(INDIRECT("'"&$B15&"'!$E$29:$E$45")<>"",1,0)), (ROW(INDIRECT("'"&$B15&"'!$E$29:$E$45"))-ROW(INDIRECT("'"&$B15&"'!$E$29"))+1)/--(FIND("VERIFICACIÓN: ", INDIRECT("'"&$B15&"'!$E$29:$E$45"))), 0))))),0))<>0,INDEX(INDIRECT("'"&$B15&"'!$A$29:$G$45"),MAX((IFERROR((ROW(INDIRECT("'"&$B15&"'!$E$29:$E$45"))-ROW(INDIRECT("'"&$B15&"'!$E$29"))+1)/--(IF(INDIRECT("'"&$B15&"'!$E$29:$E$45")<>"",1,0)),0))-(IFERROR((ROW(INDIRECT("'"&$B15&"'!$E$29:$E$45"))-ROW(INDIRECT("'"&$B15&"'!$E$29"))+1)/--(FIND("VERIFICACIÓN: ", INDIRECT("'"&$B15&"'!$E$29:$E$45"))),0))),5),"NO DISPONIBLE"))} -> NO DISPONIBLE | U15: N/A | V15: {=IF((IFERROR(VLOOKUP(IFERROR(LOOKUP(2,1/((INDIRECT("'"&$B15&"'!$F$29:$F$45"))<>""),(INDIRECT("'"&$B15&"'!$F$29:$F$45"))),"NO DISPONIBLE"),CHOOSE({1,2},(INDIRECT("'"&$B15&"'!$F$29:$F$45")),(INDIRECT("'"&$B15&"'!$A$29:$A$45"))),2,0),0))>(IFERROR(VLOOKUP(IFERROR(LOOKUP(2,1/((INDIRECT("'"&$B15&"'!$E$29:$E$45"))<>""),(INDIRECT("'"&$B15&"'!$E$29:$E$45"))),"NO DISPONIBLE"),CHOOSE({1,2},(INDIRECT("'"&$B15&"'!$E$29:$E$45")),(INDIRECT("'"&$B15&"'!$A$29:$A$45"))),2,0),0)),(IFERROR(VLOOKUP(IFERROR(LOOKUP(2,1/((INDIRECT("'"&$B15&"'!$F$29:$F$45"))<>""),(INDIRECT("'"&$B15&"'!$F$29:$F$45"))),"NO DISPONIBLE"),CHOOSE({1,2},(INDIRECT("'"&$B15&"'!$F$29:$F$45")),(INDIRECT("'"&$B15&"'!$A$29:$A$45"))),2,0),0)),(IFERROR(VLOOKUP(IFERROR(LOOKUP(2,1/((INDIRECT("'"&$B15&"'!$E$29:$E$45"))<>""),(INDIRECT("'"&$B15&"'!$E$29:$E$45"))),"NO DISPONIBLE"),CHOOSE({1,2},(INDIRECT("'"&$B15&"'!$E$29:$E$45")),(INDIRECT("'"&$B15&"'!$A$29:$A$45"))),2,0),0)))} -> 0 | W15: No aplica | X15: {=IF((IFERROR(VLOOKUP(IFERROR(LOOKUP(2,1/((INDIRECT("'"&$B15&"'!$E$29:$E$45"))<>""),(INDIRECT("'"&$B15&"'!$E$29:$E$45"))),"NO DISPONIBLE"),CHOOSE({1,2},(INDIRECT("'"&$B15&"'!$E$29:$E$45")),(INDIRECT("'"&$B15&"'!$A$29:$A$45"))),2,0),0))>(IFERROR(VLOOKUP(IFERROR(LOOKUP(2,1/((INDIRECT("'"&$B15&"'!$F$29:$F$45"))<>""),(INDIRECT("'"&$B15&"'!$F$29:$F$45"))),"NO DISPONIBLE"),CHOOSE({1,2},(INDIRECT("'"&$B15&"'!$F$29:$F$45")),(INDIRECT("'"&$B15&"'!$A$29:$A$45"))),2,0),0)),IFERROR(LOOKUP(2,1/((INDIRECT("'"&$B15&"'!$E$29:$E$45"))<>""),(INDIRECT("'"&$B15&"'!$E$29:$E$45"))),"NO DISPONIBLE"),IFERROR(LOOKUP(2,1/((INDIRECT("'"&$B15&"'!$F$29:$F$45"))<>""),(INDIRECT("'"&$B15&"'!$F$29:$F$45"))),"NO DISPONIBLE"))} -> NO DISPONIBLE | Y15: N/A | Z15: {=IF((IFERROR(VLOOKUP(IFERROR(LOOKUP(2,1/((INDIRECT("'"&$B15&"'!$D$29:$D$45"))<>""),(INDIRECT("'"&$B15&"'!$D$29:$D$45"))),"NO DISPONIBLE"),CHOOSE({1,2},(INDIRECT("'"&$B15&"'!$D$29:$D$45")),(INDIRECT("'"&$B15&"'!$A$29:$A$45"))),2,0),0))>(IFERROR(VLOOKUP(IFERROR(LOOKUP(2,1/((INDIRECT("'"&$B15&"'!$C$29:$C$45"))<>""),(INDIRECT("'"&$B15&"'!$C$29:$C$45"))),"NO DISPONIBLE"),CHOOSE({1,2},(INDIRECT("'"&$B15&"'!$C$29:$C$45")),(INDIRECT("'"&$B15&"'!$A$29:$A$45"))),2,0),0)),(IFERROR(VLOOKUP(IFERROR(LOOKUP(2,1/((INDIRECT("'"&$B15&"'!$D$29:$D$45"))<>""),(INDIRECT("'"&$B15&"'!$D$29:$D$45"))),"NO DISPONIBLE"),CHOOSE({1,2},(INDIRECT("'"&$B15&"'!$D$29:$D$45")),(INDIRECT("'"&$B15&"'!$A$29:$A$45"))),2,0),0)),(IFERROR(VLOOKUP(IFERROR(LOOKUP(2,1/((INDIRECT("'"&$B15&"'!$C$29:$C$45"))<>""),(INDIRECT("'"&$B15&"'!$C$29:$C$45"))),"NO DISPONIBLE"),CHOOSE({1,2},(INDIRECT("'"&$B15&"'!$C$29:$C$45")),(INDIRECT("'"&$B15&"'!$A$29:$A$45"))),2,0),0)))} -> 0 | AA15: No aplica | AB15: {=IF((IFERROR(VLOOKUP(IFERROR(LOOKUP(2,1/((INDIRECT("'"&$B15&"'!$C$29:$C$45"))<>""),(INDIRECT("'"&$B15&"'!$C$29:$C$45"))),"NO DISPONIBLE"),CHOOSE({1,2},(INDIRECT("'"&$B15&"'!$C$29:$C$45")),(INDIRECT("'"&$B15&"'!$A$29:$A$45"))),2,0),0))>(IFERROR(VLOOKUP(IFERROR(LOOKUP(2,1/((INDIRECT("'"&$B15&"'!$D$29:$D$45"))<>""),(INDIRECT("'"&$B15&"'!$D$29:$D$45"))),"NO DISPONIBLE"),CHOOSE({1,2},(INDIRECT("'"&$B15&"'!$D$29:$D$45")),(INDIRECT("'"&$B15&"'!$A$29:$A$45"))),2,0),0)),IFERROR(LOOKUP(2,1/((INDIRECT("'"&$B15&"'!$C$29:$C$45"))<>""),(INDIRECT("'"&$B15&"'!$C$29:$C$45"))),"NO DISPONIBLE"),IFERROR(LOOKUP(2,1/((INDIRECT("'"&$B15&"'!$D$29:$D$45"))<>""),(INDIRECT("'"&$B15&"'!$D$29:$D$45"))),"NO DISPONIBLE"))} -> NO DISPONIBLE | AC15: ASEGURAMIENTO
A16: MJM-018 | B16: {=INDIRECT("'"&$B16&"'!$A$6")} -> MICRÓMETRO | C16: {=INDIRECT("'"&$B16&"'!$G$14")} -> UBERMANN | D16: {=INDIRECT("'"&$B16&"'!$G$15")} -> NO PORTA | E16: {=INDIRECT("'"&$B16&"'!$G$16")} -> NO PORTA | F16: LABORATORIO 1 | G16: OPERATIVO | H16: {=INDIRECT("'"&$B16&"'!$G$11")} -> LONGITUD | I16: {=INDIRECT("'"&$B16&"'!$C$11")} -> MEDIA | J16: {=INDIRECT("'"&$B16&"'!$G$21")} -> 25 mm | K16: {=INDIRECT("'"&$B16&"'!$G$22")} -> 0,01 mm | L16: {=INDIRECT("'"&$B16&"'!$G$23")} -> 0,01 mm | N16: {=INDIRECT("'"&$B16&"'!$G$22")} -> 0,01 mm | P16: {=IFERROR(LOOKUP(2,1/((INDIRECT("'"&$B16&"'!$G$29:$G$45"))<>""),(INDIRECT("'"&$B16&"'!$G$29:$G$45"))),"NO DISPONIBLE")} -> FUNCIONAL | Q16: N/A | R16: {=IF(IF(MAX((IFERROR((ROW(INDIRECT("'"&$B16&"'!$F$29:$F$45"))-ROW(INDIRECT("'"&$B16&"'!$F$29"))+1)/--(IF(INDIRECT("'"&$B16&"'!$F$29:$F$45")<>"",1,0)),0))-(IFERROR((ROW(INDIRECT("'"&$B16&"'!$F$29:$F$45"))-ROW(INDIRECT("'"&$B16&"'!$F$29"))+1)/--(FIND("VERIFICACIÓN: ", INDIRECT("'"&$B16&"'!$F$29:$F$45"))),0)))<>0,INDEX(INDIRECT("'"&$B16&"'!$A$29:$G$45"),MAX((IFERROR((ROW(INDIRECT("'"&$B16&"'!$F$29:$F$45"))-ROW(INDIRECT("'"&$B16&"'!$F$29"))+1)/--(IF(INDIRECT("'"&$B16&"'!$F$29:$F$45")<>"",1,0)),0))-(IFERROR((ROW(INDIRECT("'"&$B16&"'!$F$29:$F$45"))-ROW(INDIRECT("'"&$B16&"'!$F$29"))+1)/--(FIND("VERIFICACIÓN: ", INDIRECT("'"&$B16&"'!$F$29:$F$45"))),0))),1),0)>IF(MAX(IFERROR((_xlfn._xlws.FILTER((ROW(INDIRECT("'"&$B16&"'!$E$29:$E$45"))-ROW(INDIRECT("'"&$B16&"'!$E$29"))+1)/--(IF(INDIRECT("'"&$B16&"'!$E$29:$E$45")<>"",1,0)), NOT(ISNUMBER(MATCH((ROW(INDIRECT("'"&$B16&"'!$E$29:$E$45"))-ROW(INDIRECT("'"&$B16&"'!$E$29"))+1)/--(IF(INDIRECT("'"&$B16&"'!$E$29:$E$45")<>"",1,0)), (ROW(INDIRECT("'"&$B16&"'!$E$29:$E$45"))-ROW(INDIRECT("'"&$B16&"'!$E$29"))+1)/--(FIND("VERIFICACIÓN: ", INDIRECT("'"&$B16&"'!$E$29:$E$45"))), 0))))),0))<>0,INDEX(INDIRECT("'"&$B16&"'!$A$29:$G$45"),MAX((IFERROR((ROW(INDIRECT("'"&$B16&"'!$E$29:$E$45"))-ROW(INDIRECT("'"&$B16&"'!$E$29"))+1)/--(IF(INDIRECT("'"&$B16&"'!$E$29:$E$45")<>"",1,0)),0))-(IFERROR((ROW(INDIRECT("'"&$B16&"'!$E$29:$E$45"))-ROW(INDIRECT("'"&$B16&"'!$E$29"))+1)/--(FIND("VERIFICACIÓN: ", INDIRECT("'"&$B16&"'!$E$29:$E$45"))),0))),1),0),IF(MAX((IFERROR((ROW(INDIRECT("'"&$B16&"'!$F$29:$F$45"))-ROW(INDIRECT("'"&$B16&"'!$F$29"))+1)/--(IF(INDIRECT("'"&$B16&"'!$F$29:$F$45")<>"",1,0)),0))-(IFERROR((ROW(INDIRECT("'"&$B16&"'!$F$29:$F$45"))-ROW(INDIRECT("'"&$B16&"'!$F$29"))+1)/--(FIND("VERIFICACIÓN: ", INDIRECT("'"&$B16&"'!$F$29:$F$45"))),0)))<>0,INDEX(INDIRECT("'"&$B16&"'!$A$29:$G$45"),MAX((IFERROR((ROW(INDIRECT("'"&$B16&"'!$F$29:$F$45"))-ROW(INDIRECT("'"&$B16&"'!$F$29"))+1)/--(IF(INDIRECT("'"&$B16&"'!$F$29:$F$45")<>"",1,0)),0))-(IFERROR((ROW(INDIRECT("'"&$B16&"'!$F$29:$F$45"))-ROW(INDIRECT("'"&$B16&"'!$F$29"))+1)/--(FIND("VERIFICACIÓN: ", INDIRECT("'"&$B16&"'!$F$29:$F$45"))),0))),1),0),IF(MAX(IFERROR((_xlfn._xlws.FILTER((ROW(INDIRECT("'"&$B16&"'!$E$29:$E$45"))-ROW(INDIRECT("'"&$B16&"'!$E$29"))+1)/--(IF(INDIRECT("'"&$B16&"'!$E$29:$E$45")<>"",1,0)), NOT(ISNUMBER(MATCH((ROW(INDIRECT("'"&$B16&"'!$E$29:$E$45"))-ROW(INDIRECT("'"&$B16&"'!$E$29"))+1)/--(IF(INDIRECT("'"&$B16&"'!$E$29:$E$45")<>"",1,0)), (ROW(INDIRECT("'"&$B16&"'!$E$29:$E$45"))-ROW(INDIRECT("'"&$B16&"'!$E$29"))+1)/--(FIND("VERIFICACIÓN: ", INDIRECT("'"&$B16&"'!$E$29:$E$45"))), 0))))),0))<>0,INDEX(INDIRECT("'"&$B16&"'!$A$29:$G$45"),MAX((IFERROR((ROW(INDIRECT("'"&$B16&"'!$E$29:$E$45"))-ROW(INDIRECT("'"&$B16&"'!$E$29"))+1)/--(IF(INDIRECT("'"&$B16&"'!$E$29:$E$45")<>"",1,0)),0))-(IFERROR((ROW(INDIRECT("'"&$B16&"'!$E$29:$E$45"))-ROW(INDIRECT("'"&$B16&"'!$E$29"))+1)/--(FIND("VERIFICACIÓN: ", INDIRECT("'"&$B16&"'!$E$29:$E$45"))),0))),1),0))} -> 0 | S16: No aplica | T16: {=IF(IF(MAX((IFERROR((ROW(INDIRECT("'"&$B16&"'!$F$29:$F$45"))-ROW(INDIRECT("'"&$B16&"'!$F$29"))+1)/--(IF(INDIRECT("'"&$B16&"'!$F$29:$F$45")<>"",1,0)),0))-(IFERROR((ROW(INDIRECT("'"&$B16&"'!$F$29:$F$45"))-ROW(INDIRECT("'"&$B16&"'!$F$29"))+1)/--(FIND("VERIFICACIÓN: ", INDIRECT("'"&$B16&"'!$F$29:$F$45"))),0)))<>0,INDEX(INDIRECT("'"&$B16&"'!$A$29:$G$45"),MAX((IFERROR((ROW(INDIRECT("'"&$B16&"'!$F$29:$F$45"))-ROW(INDIRECT("'"&$B16&"'!$F$29"))+1)/--(IF(INDIRECT("'"&$B16&"'!$F$29:$F$45")<>"",1,0)),0))-(IFERROR((ROW(INDIRECT("'"&$B16&"'!$F$29:$F$45"))-ROW(INDIRECT("'"&$B16&"'!$F$29"))+1)/--(FIND("VERIFICACIÓN: ", INDIRECT("'"&$B16&"'!$F$29:$F$45"))),0))),1),0)>IF(MAX(IFERROR((_xlfn._xlws.FILTER((ROW(INDIRECT("'"&$B16&"'!$E$29:$E$45"))-ROW(INDIRECT("'"&$B16&"'!$E$29"))+1)/--(IF(INDIRECT("'"&$B16&"'!$E$29:$E$45")<>"",1,0)), NOT(ISNUMBER(MATCH((ROW(INDIRECT("'"&$B16&"'!$E$29:$E$45"))-ROW(INDIRECT("'"&$B16&"'!$E$29"))+1)/--(IF(INDIRECT("'"&$B16&"'!$E$29:$E$45")<>"",1,0)), (ROW(INDIRECT("'"&$B16&"'!$E$29:$E$45"))-ROW(INDIRECT("'"&$B16&"'!$E$29"))+1)/--(FIND("VERIFICACIÓN: ", INDIRECT("'"&$B16&"'!$E$29:$E$45"))), 0))))),0))<>0,INDEX(INDIRECT("'"&$B16&"'!$A$29:$G$45"),MAX((IFERROR((ROW(INDIRECT("'"&$B16&"'!$E$29:$E$45"))-ROW(INDIRECT("'"&$B16&"'!$E$29"))+1)/--(IF(INDIRECT("'"&$B16&"'!$E$29:$E$45")<>"",1,0)),0))-(IFERROR((ROW(INDIRECT("'"&$B16&"'!$E$29:$E$45"))-ROW(INDIRECT("'"&$B16&"'!$E$29"))+1)/--(FIND("VERIFICACIÓN: ", INDIRECT("'"&$B16&"'!$E$29:$E$45"))),0))),1),0),IF(MAX((IFERROR((ROW(INDIRECT("'"&$B16&"'!$F$29:$F$45"))-ROW(INDIRECT("'"&$B16&"'!$F$29"))+1)/--(IF(INDIRECT("'"&$B16&"'!$F$29:$F$45")<>"",1,0)),0))-(IFERROR((ROW(INDIRECT("'"&$B16&"'!$F$29:$F$45"))-ROW(INDIRECT("'"&$B16&"'!$F$29"))+1)/--(FIND("VERIFICACIÓN: ", INDIRECT("'"&$B16&"'!$F$29:$F$45"))),0)))<>0,INDEX(INDIRECT("'"&$B16&"'!$A$29:$G$45"),MAX((IFERROR((ROW(INDIRECT("'"&$B16&"'!$F$29:$F$45"))-ROW(INDIRECT("'"&$B16&"'!$F$29"))+1)/--(IF(INDIRECT("'"&$B16&"'!$F$29:$F$45")<>"",1,0)),0))-(IFERROR((ROW(INDIRECT("'"&$B16&"'!$F$29:$F$45"))-ROW(INDIRECT("'"&$B16&"'!$F$29"))+1)/--(FIND("VERIFICACIÓN: ", INDIRECT("'"&$B16&"'!$F$29:$F$45"))),0))),6),"NO DISPONIBLE"),IF(MAX(IFERROR((_xlfn._xlws.FILTER((ROW(INDIRECT("'"&$B16&"'!$E$29:$E$45"))-ROW(INDIRECT("'"&$B16&"'!$E$29"))+1)/--(IF(INDIRECT("'"&$B16&"'!$E$29:$E$45")<>"",1,0)), NOT(ISNUMBER(MATCH((ROW(INDIRECT("'"&$B16&"'!$E$29:$E$45"))-ROW(INDIRECT("'"&$B16&"'!$E$29"))+1)/--(IF(INDIRECT("'"&$B16&"'!$E$29:$E$45")<>"",1,0)), (ROW(INDIRECT("'"&$B16&"'!$E$29:$E$45"))-ROW(INDIRECT("'"&$B16&"'!$E$29"))+1)/--(FIND("VERIFICACIÓN: ", INDIRECT("'"&$B16&"'!$E$29:$E$45"))), 0))))),0))<>0,INDEX(INDIRECT("'"&$B16&"'!$A$29:$G$45"),MAX((IFERROR((ROW(INDIRECT("'"&$B16&"'!$E$29:$E$45"))-ROW(INDIRECT("'"&$B16&"'!$E$29"))+1)/--(IF(INDIRECT("'"&$B16&"'!$E$29:$E$45")<>"",1,0)),0))-(IFERROR((ROW(INDIRECT("'"&$B16&"'!$E$29:$E$45"))-ROW(INDIRECT("'"&$B16&"'!$E$29"))+1)/--(FIND("VERIFICACIÓN: ", INDIRECT("'"&$B16&"'!$E$29:$E$45"))),0))),5),"NO DISPONIBLE"))} -> NO DISPONIBLE | U16: N/A | V16: {=IF((IFERROR(VLOOKUP(IFERROR(LOOKUP(2,1/((INDIRECT("'"&$B16&"'!$F$29:$F$45"))<>""),(INDIRECT("'"&$B16&"'!$F$29:$F$45"))),"NO DISPONIBLE"),CHOOSE({1,2},(INDIRECT("'"&$B16&"'!$F$29:$F$45")),(INDIRECT("'"&$B16&"'!$A$29:$A$45"))),2,0),0))>(IFERROR(VLOOKUP(IFERROR(LOOKUP(2,1/((INDIRECT("'"&$B16&"'!$E$29:$E$45"))<>""),(INDIRECT("'"&$B16&"'!$E$29:$E$45"))),"NO DISPONIBLE"),CHOOSE({1,2},(INDIRECT("'"&$B16&"'!$E$29:$E$45")),(INDIRECT("'"&$B16&"'!$A$29:$A$45"))),2,0),0)),(IFERROR(VLOOKUP(IFERROR(LOOKUP(2,1/((INDIRECT("'"&$B16&"'!$F$29:$F$45"))<>""),(INDIRECT("'"&$B16&"'!$F$29:$F$45"))),"NO DISPONIBLE"),CHOOSE({1,2},(INDIRECT("'"&$B16&"'!$F$29:$F$45")),(INDIRECT("'"&$B16&"'!$A$29:$A$45"))),2,0),0)),(IFERROR(VLOOKUP(IFERROR(LOOKUP(2,1/((INDIRECT("'"&$B16&"'!$E$29:$E$45"))<>""),(INDIRECT("'"&$B16&"'!$E$29:$E$45"))),"NO DISPONIBLE"),CHOOSE({1,2},(INDIRECT("'"&$B16&"'!$E$29:$E$45")),(INDIRECT("'"&$B16&"'!$A$29:$A$45"))),2,0),0)))} -> 0 | W16: No aplica | X16: {=IF((IFERROR(VLOOKUP(IFERROR(LOOKUP(2,1/((INDIRECT("'"&$B16&"'!$E$29:$E$45"))<>""),(INDIRECT("'"&$B16&"'!$E$29:$E$45"))),"NO DISPONIBLE"),CHOOSE({1,2},(INDIRECT("'"&$B16&"'!$E$29:$E$45")),(INDIRECT("'"&$B16&"'!$A$29:$A$45"))),2,0),0))>(IFERROR(VLOOKUP(IFERROR(LOOKUP(2,1/((INDIRECT("'"&$B16&"'!$F$29:$F$45"))<>""),(INDIRECT("'"&$B16&"'!$F$29:$F$45"))),"NO DISPONIBLE"),CHOOSE({1,2},(INDIRECT("'"&$B16&"'!$F$29:$F$45")),(INDIRECT("'"&$B16&"'!$A$29:$A$45"))),2,0),0)),IFERROR(LOOKUP(2,1/((INDIRECT("'"&$B16&"'!$E$29:$E$45"))<>""),(INDIRECT("'"&$B16&"'!$E$29:$E$45"))),"NO DISPONIBLE"),IFERROR(LOOKUP(2,1/((INDIRECT("'"&$B16&"'!$F$29:$F$45"))<>""),(INDIRECT("'"&$B16&"'!$F$29:$F$45"))),"NO DISPONIBLE"))} -> NO DISPONIBLE | Y16: N/A | Z16: {=IF((IFERROR(VLOOKUP(IFERROR(LOOKUP(2,1/((INDIRECT("'"&$B16&"'!$D$29:$D$45"))<>""),(INDIRECT("'"&$B16&"'!$D$29:$D$45"))),"NO DISPONIBLE"),CHOOSE({1,2},(INDIRECT("'"&$B16&"'!$D$29:$D$45")),(INDIRECT("'"&$B16&"'!$A$29:$A$45"))),2,0),0))>(IFERROR(VLOOKUP(IFERROR(LOOKUP(2,1/((INDIRECT("'"&$B16&"'!$C$29:$C$45"))<>""),(INDIRECT("'"&$B16&"'!$C$29:$C$45"))),"NO DISPONIBLE"),CHOOSE({1,2},(INDIRECT("'"&$B16&"'!$C$29:$C$45")),(INDIRECT("'"&$B16&"'!$A$29:$A$45"))),2,0),0)),(IFERROR(VLOOKUP(IFERROR(LOOKUP(2,1/((INDIRECT("'"&$B16&"'!$D$29:$D$45"))<>""),(INDIRECT("'"&$B16&"'!$D$29:$D$45"))),"NO DISPONIBLE"),CHOOSE({1,2},(INDIRECT("'"&$B16&"'!$D$29:$D$45")),(INDIRECT("'"&$B16&"'!$A$29:$A$45"))),2,0),0)),(IFERROR(VLOOKUP(IFERROR(LOOKUP(2,1/((INDIRECT("'"&$B16&"'!$C$29:$C$45"))<>""),(INDIRECT("'"&$B16&"'!$C$29:$C$45"))),"NO DISPONIBLE"),CHOOSE({1,2},(INDIRECT("'"&$B16&"'!$C$29:$C$45")),(INDIRECT("'"&$B16&"'!$A$29:$A$45"))),2,0),0)))} -> 0 | AA16: No aplica | AB16: {=IF((IFERROR(VLOOKUP(IFERROR(LOOKUP(2,1/((INDIRECT("'"&$B16&"'!$C$29:$C$45"))<>""),(INDIRECT("'"&$B16&"'!$C$29:$C$45"))),"NO DISPONIBLE"),CHOOSE({1,2},(INDIRECT("'"&$B16&"'!$C$29:$C$45")),(INDIRECT("'"&$B16&"'!$A$29:$A$45"))),2,0),0))>(IFERROR(VLOOKUP(IFERROR(LOOKUP(2,1/((INDIRECT("'"&$B16&"'!$D$29:$D$45"))<>""),(INDIRECT("'"&$B16&"'!$D$29:$D$45"))),"NO DISPONIBLE"),CHOOSE({1,2},(INDIRECT("'"&$B16&"'!$D$29:$D$45")),(INDIRECT("'"&$B16&"'!$A$29:$A$45"))),2,0),0)),IFERROR(LOOKUP(2,1/((INDIRECT("'"&$B16&"'!$C$29:$C$45"))<>""),(INDIRECT("'"&$B16&"'!$C$29:$C$45"))),"NO DISPONIBLE"),IFERROR(LOOKUP(2,1/((INDIRECT("'"&$B16&"'!$D$29:$D$45"))<>""),(INDIRECT("'"&$B16&"'!$D$29:$D$45"))),"NO DISPONIBLE"))} -> NO DISPONIBLE | AC16: ASEGURAMIENTO
A17: MJM-019 | B17: {=INDIRECT("'"&$B17&"'!$A$6")} -> TERMÓMETRO INFRARROJO | C17: {=INDIRECT("'"&$B17&"'!$G$14")} -> REDLINE | D17: {=INDIRECT("'"&$B17&"'!$G$15")} -> PM6530A | E17: {=INDIRECT("'"&$B17&"'!$G$16")} -> 7807999655807 | F17: LABORATORIO 2 | G17: OPERATIVO | H17: {=INDIRECT("'"&$B17&"'!$G$11")} -> TEMPERATURA | I17: {=INDIRECT("'"&$B17&"'!$C$11")} -> MEDIA | J17: {=INDIRECT("'"&$B17&"'!$G$21")} -> 300 °C | K17: {=INDIRECT("'"&$B17&"'!$G$22")} -> - 50 °C | L17: {=INDIRECT("'"&$B17&"'!$G$23")} -> 0,1 °C | N17: {=INDIRECT("'"&$B17&"'!$G$22")} -> - 50 °C | P17: {=IFERROR(LOOKUP(2,1/((INDIRECT("'"&$B17&"'!$G$29:$G$45"))<>""),(INDIRECT("'"&$B17&"'!$G$29:$G$45"))),"NO DISPONIBLE")} -> FUNCIONAL | Q17: N/A | R17: {=IF(IF(MAX((IFERROR((ROW(INDIRECT("'"&$B17&"'!$F$29:$F$45"))-ROW(INDIRECT("'"&$B17&"'!$F$29"))+1)/--(IF(INDIRECT("'"&$B17&"'!$F$29:$F$45")<>"",1,0)),0))-(IFERROR((ROW(INDIRECT("'"&$B17&"'!$F$29:$F$45"))-ROW(INDIRECT("'"&$B17&"'!$F$29"))+1)/--(FIND("VERIFICACIÓN: ", INDIRECT("'"&$B17&"'!$F$29:$F$45"))),0)))<>0,INDEX(INDIRECT("'"&$B17&"'!$A$29:$G$45"),MAX((IFERROR((ROW(INDIRECT("'"&$B17&"'!$F$29:$F$45"))-ROW(INDIRECT("'"&$B17&"'!$F$29"))+1)/--(IF(INDIRECT("'"&$B17&"'!$F$29:$F$45")<>"",1,0)),0))-(IFERROR((ROW(INDIRECT("'"&$B17&"'!$F$29:$F$45"))-ROW(INDIRECT("'"&$B17&"'!$F$29"))+1)/--(FIND("VERIFICACIÓN: ", INDIRECT("'"&$B17&"'!$F$29:$F$45"))),0))),1),0)>IF(MAX(IFERROR((_xlfn._xlws.FILTER((ROW(INDIRECT("'"&$B17&"'!$E$29:$E$45"))-ROW(INDIRECT("'"&$B17&"'!$E$29"))+1)/--(IF(INDIRECT("'"&$B17&"'!$E$29:$E$45")<>"",1,0)), NOT(ISNUMBER(MATCH((ROW(INDIRECT("'"&$B17&"'!$E$29:$E$45"))-ROW(INDIRECT("'"&$B17&"'!$E$29"))+1)/--(IF(INDIRECT("'"&$B17&"'!$E$29:$E$45")<>"",1,0)), (ROW(INDIRECT("'"&$B17&"'!$E$29:$E$45"))-ROW(INDIRECT("'"&$B17&"'!$E$29"))+1)/--(FIND("VERIFICACIÓN: ", INDIRECT("'"&$B17&"'!$E$29:$E$45"))), 0))))),0))<>0,INDEX(INDIRECT("'"&$B17&"'!$A$29:$G$45"),MAX((IFERROR((ROW(INDIRECT("'"&$B17&"'!$E$29:$E$45"))-ROW(INDIRECT("'"&$B17&"'!$E$29"))+1)/--(IF(INDIRECT("'"&$B17&"'!$E$29:$E$45")<>"",1,0)),0))-(IFERROR((ROW(INDIRECT("'"&$B17&"'!$E$29:$E$45"))-ROW(INDIRECT("'"&$B17&"'!$E$29"))+1)/--(FIND("VERIFICACIÓN: ", INDIRECT("'"&$B17&"'!$E$29:$E$45"))),0))),1),0),IF(MAX((IFERROR((ROW(INDIRECT("'"&$B17&"'!$F$29:$F$45"))-ROW(INDIRECT("'"&$B17&"'!$F$29"))+1)/--(IF(INDIRECT("'"&$B17&"'!$F$29:$F$45")<>"",1,0)),0))-(IFERROR((ROW(INDIRECT("'"&$B17&"'!$F$29:$F$45"))-ROW(INDIRECT("'"&$B17&"'!$F$29"))+1)/--(FIND("VERIFICACIÓN: ", INDIRECT("'"&$B17&"'!$F$29:$F$45"))),0)))<>0,INDEX(INDIRECT("'"&$B17&"'!$A$29:$G$45"),MAX((IFERROR((ROW(INDIRECT("'"&$B17&"'!$F$29:$F$45"))-ROW(INDIRECT("'"&$B17&"'!$F$29"))+1)/--(IF(INDIRECT("'"&$B17&"'!$F$29:$F$45")<>"",1,0)),0))-(IFERROR((ROW(INDIRECT("'"&$B17&"'!$F$29:$F$45"))-ROW(INDIRECT("'"&$B17&"'!$F$29"))+1)/--(FIND("VERIFICACIÓN: ", INDIRECT("'"&$B17&"'!$F$29:$F$45"))),0))),1),0),IF(MAX(IFERROR((_xlfn._xlws.FILTER((ROW(INDIRECT("'"&$B17&"'!$E$29:$E$45"))-ROW(INDIRECT("'"&$B17&"'!$E$29"))+1)/--(IF(INDIRECT("'"&$B17&"'!$E$29:$E$45")<>"",1,0)), NOT(ISNUMBER(MATCH((ROW(INDIRECT("'"&$B17&"'!$E$29:$E$45"))-ROW(INDIRECT("'"&$B17&"'!$E$29"))+1)/--(IF(INDIRECT("'"&$B17&"'!$E$29:$E$45")<>"",1,0)), (ROW(INDIRECT("'"&$B17&"'!$E$29:$E$45"))-ROW(INDIRECT("'"&$B17&"'!$E$29"))+1)/--(FIND("VERIFICACIÓN: ", INDIRECT("'"&$B17&"'!$E$29:$E$45"))), 0))))),0))<>0,INDEX(INDIRECT("'"&$B17&"'!$A$29:$G$45"),MAX((IFERROR((ROW(INDIRECT("'"&$B17&"'!$E$29:$E$45"))-ROW(INDIRECT("'"&$B17&"'!$E$29"))+1)/--(IF(INDIRECT("'"&$B17&"'!$E$29:$E$45")<>"",1,0)),0))-(IFERROR((ROW(INDIRECT("'"&$B17&"'!$E$29:$E$45"))-ROW(INDIRECT("'"&$B17&"'!$E$29"))+1)/--(FIND("VERIFICACIÓN: ", INDIRECT("'"&$B17&"'!$E$29:$E$45"))),0))),1),0))} -> 0 | S17: No aplica | T17: {=IF(IF(MAX((IFERROR((ROW(INDIRECT("'"&$B17&"'!$F$29:$F$45"))-ROW(INDIRECT("'"&$B17&"'!$F$29"))+1)/--(IF(INDIRECT("'"&$B17&"'!$F$29:$F$45")<>"",1,0)),0))-(IFERROR((ROW(INDIRECT("'"&$B17&"'!$F$29:$F$45"))-ROW(INDIRECT("'"&$B17&"'!$F$29"))+1)/--(FIND("VERIFICACIÓN: ", INDIRECT("'"&$B17&"'!$F$29:$F$45"))),0)))<>0,INDEX(INDIRECT("'"&$B17&"'!$A$29:$G$45"),MAX((IFERROR((ROW(INDIRECT("'"&$B17&"'!$F$29:$F$45"))-ROW(INDIRECT("'"&$B17&"'!$F$29"))+1)/--(IF(INDIRECT("'"&$B17&"'!$F$29:$F$45")<>"",1,0)),0))-(IFERROR((ROW(INDIRECT("'"&$B17&"'!$F$29:$F$45"))-ROW(INDIRECT("'"&$B17&"'!$F$29"))+1)/--(FIND("VERIFICACIÓN: ", INDIRECT("'"&$B17&"'!$F$29:$F$45"))),0))),1),0)>IF(MAX(IFERROR((_xlfn._xlws.FILTER((ROW(INDIRECT("'"&$B17&"'!$E$29:$E$45"))-ROW(INDIRECT("'"&$B17&"'!$E$29"))+1)/--(IF(INDIRECT("'"&$B17&"'!$E$29:$E$45")<>"",1,0)), NOT(ISNUMBER(MATCH((ROW(INDIRECT("'"&$B17&"'!$E$29:$E$45"))-ROW(INDIRECT("'"&$B17&"'!$E$29"))+1)/--(IF(INDIRECT("'"&$B17&"'!$E$29:$E$45")<>"",1,0)), (ROW(INDIRECT("'"&$B17&"'!$E$29:$E$45"))-ROW(INDIRECT("'"&$B17&"'!$E$29"))+1)/--(FIND("VERIFICACIÓN: ", INDIRECT("'"&$B17&"'!$E$29:$E$45"))), 0))))),0))<>0,INDEX(INDIRECT("'"&$B17&"'!$A$29:$G$45"),MAX((IFERROR((ROW(INDIRECT("'"&$B17&"'!$E$29:$E$45"))-ROW(INDIRECT("'"&$B17&"'!$E$29"))+1)/--(IF(INDIRECT("'"&$B17&"'!$E$29:$E$45")<>"",1,0)),0))-(IFERROR((ROW(INDIRECT("'"&$B17&"'!$E$29:$E$45"))-ROW(INDIRECT("'"&$B17&"'!$E$29"))+1)/--(FIND("VERIFICACIÓN: ", INDIRECT("'"&$B17&"'!$E$29:$E$45"))),0))),1),0),IF(MAX((IFERROR((ROW(INDIRECT("'"&$B17&"'!$F$29:$F$45"))-ROW(INDIRECT("'"&$B17&"'!$F$29"))+1)/--(IF(INDIRECT("'"&$B17&"'!$F$29:$F$45")<>"",1,0)),0))-(IFERROR((ROW(INDIRECT("'"&$B17&"'!$F$29:$F$45"))-ROW(INDIRECT("'"&$B17&"'!$F$29"))+1)/--(FIND("VERIFICACIÓN: ", INDIRECT("'"&$B17&"'!$F$29:$F$45"))),0)))<>0,INDEX(INDIRECT("'"&$B17&"'!$A$29:$G$45"),MAX((IFERROR((ROW(INDIRECT("'"&$B17&"'!$F$29:$F$45"))-ROW(INDIRECT("'"&$B17&"'!$F$29"))+1)/--(IF(INDIRECT("'"&$B17&"'!$F$29:$F$45")<>"",1,0)),0))-(IFERROR((ROW(INDIRECT("'"&$B17&"'!$F$29:$F$45"))-ROW(INDIRECT("'"&$B17&"'!$F$29"))+1)/--(FIND("VERIFICACIÓN: ", INDIRECT("'"&$B17&"'!$F$29:$F$45"))),0))),6),"NO DISPONIBLE"),IF(MAX(IFERROR((_xlfn._xlws.FILTER((ROW(INDIRECT("'"&$B17&"'!$E$29:$E$45"))-ROW(INDIRECT("'"&$B17&"'!$E$29"))+1)/--(IF(INDIRECT("'"&$B17&"'!$E$29:$E$45")<>"",1,0)), NOT(ISNUMBER(MATCH((ROW(INDIRECT("'"&$B17&"'!$E$29:$E$45"))-ROW(INDIRECT("'"&$B17&"'!$E$29"))+1)/--(IF(INDIRECT("'"&$B17&"'!$E$29:$E$45")<>"",1,0)), (ROW(INDIRECT("'"&$B17&"'!$E$29:$E$45"))-ROW(INDIRECT("'"&$B17&"'!$E$29"))+1)/--(FIND("VERIFICACIÓN: ", INDIRECT("'"&$B17&"'!$E$29:$E$45"))), 0))))),0))<>0,INDEX(INDIRECT("'"&$B17&"'!$A$29:$G$45"),MAX((IFERROR((ROW(INDIRECT("'"&$B17&"'!$E$29:$E$45"))-ROW(INDIRECT("'"&$B17&"'!$E$29"))+1)/--(IF(INDIRECT("'"&$B17&"'!$E$29:$E$45")<>"",1,0)),0))-(IFERROR((ROW(INDIRECT("'"&$B17&"'!$E$29:$E$45"))-ROW(INDIRECT("'"&$B17&"'!$E$29"))+1)/--(FIND("VERIFICACIÓN: ", INDIRECT("'"&$B17&"'!$E$29:$E$45"))),0))),5),"NO DISPONIBLE"))} -> NO DISPONIBLE | U17: N/A | V17: {=IF((IFERROR(VLOOKUP(IFERROR(LOOKUP(2,1/((INDIRECT("'"&$B17&"'!$F$29:$F$45"))<>""),(INDIRECT("'"&$B17&"'!$F$29:$F$45"))),"NO DISPONIBLE"),CHOOSE({1,2},(INDIRECT("'"&$B17&"'!$F$29:$F$45")),(INDIRECT("'"&$B17&"'!$A$29:$A$45"))),2,0),0))>(IFERROR(VLOOKUP(IFERROR(LOOKUP(2,1/((INDIRECT("'"&$B17&"'!$E$29:$E$45"))<>""),(INDIRECT("'"&$B17&"'!$E$29:$E$45"))),"NO DISPONIBLE"),CHOOSE({1,2},(INDIRECT("'"&$B17&"'!$E$29:$E$45")),(INDIRECT("'"&$B17&"'!$A$29:$A$45"))),2,0),0)),(IFERROR(VLOOKUP(IFERROR(LOOKUP(2,1/((INDIRECT("'"&$B17&"'!$F$29:$F$45"))<>""),(INDIRECT("'"&$B17&"'!$F$29:$F$45"))),"NO DISPONIBLE"),CHOOSE({1,2},(INDIRECT("'"&$B17&"'!$F$29:$F$45")),(INDIRECT("'"&$B17&"'!$A$29:$A$45"))),2,0),0)),(IFERROR(VLOOKUP(IFERROR(LOOKUP(2,1/((INDIRECT("'"&$B17&"'!$E$29:$E$45"))<>""),(INDIRECT("'"&$B17&"'!$E$29:$E$45"))),"NO DISPONIBLE"),CHOOSE({1,2},(INDIRECT("'"&$B17&"'!$E$29:$E$45")),(INDIRECT("'"&$B17&"'!$A$29:$A$45"))),2,0),0)))} -> 0 | W17: No aplica | X17: {=IF((IFERROR(VLOOKUP(IFERROR(LOOKUP(2,1/((INDIRECT("'"&$B17&"'!$E$29:$E$45"))<>""),(INDIRECT("'"&$B17&"'!$E$29:$E$45"))),"NO DISPONIBLE"),CHOOSE({1,2},(INDIRECT("'"&$B17&"'!$E$29:$E$45")),(INDIRECT("'"&$B17&"'!$A$29:$A$45"))),2,0),0))>(IFERROR(VLOOKUP(IFERROR(LOOKUP(2,1/((INDIRECT("'"&$B17&"'!$F$29:$F$45"))<>""),(INDIRECT("'"&$B17&"'!$F$29:$F$45"))),"NO DISPONIBLE"),CHOOSE({1,2},(INDIRECT("'"&$B17&"'!$F$29:$F$45")),(INDIRECT("'"&$B17&"'!$A$29:$A$45"))),2,0),0)),IFERROR(LOOKUP(2,1/((INDIRECT("'"&$B17&"'!$E$29:$E$45"))<>""),(INDIRECT("'"&$B17&"'!$E$29:$E$45"))),"NO DISPONIBLE"),IFERROR(LOOKUP(2,1/((INDIRECT("'"&$B17&"'!$F$29:$F$45"))<>""),(INDIRECT("'"&$B17&"'!$F$29:$F$45"))),"NO DISPONIBLE"))} -> NO DISPONIBLE | Y17: N/A | Z17: {=IF((IFERROR(VLOOKUP(IFERROR(LOOKUP(2,1/((INDIRECT("'"&$B17&"'!$D$29:$D$45"))<>""),(INDIRECT("'"&$B17&"'!$D$29:$D$45"))),"NO DISPONIBLE"),CHOOSE({1,2},(INDIRECT("'"&$B17&"'!$D$29:$D$45")),(INDIRECT("'"&$B17&"'!$A$29:$A$45"))),2,0),0))>(IFERROR(VLOOKUP(IFERROR(LOOKUP(2,1/((INDIRECT("'"&$B17&"'!$C$29:$C$45"))<>""),(INDIRECT("'"&$B17&"'!$C$29:$C$45"))),"NO DISPONIBLE"),CHOOSE({1,2},(INDIRECT("'"&$B17&"'!$C$29:$C$45")),(INDIRECT("'"&$B17&"'!$A$29:$A$45"))),2,0),0)),(IFERROR(VLOOKUP(IFERROR(LOOKUP(2,1/((INDIRECT("'"&$B17&"'!$D$29:$D$45"))<>""),(INDIRECT("'"&$B17&"'!$D$29:$D$45"))),"NO DISPONIBLE"),CHOOSE({1,2},(INDIRECT("'"&$B17&"'!$D$29:$D$45")),(INDIRECT("'"&$B17&"'!$A$29:$A$45"))),2,0),0)),(IFERROR(VLOOKUP(IFERROR(LOOKUP(2,1/((INDIRECT("'"&$B17&"'!$C$29:$C$45"))<>""),(INDIRECT("'"&$B17&"'!$C$29:$C$45"))),"NO DISPONIBLE"),CHOOSE({1,2},(INDIRECT("'"&$B17&"'!$C$29:$C$45")),(INDIRECT("'"&$B17&"'!$A$29:$A$45"))),2,0),0)))} -> 0 | AA17: No aplica | AB17: {=IF((IFERROR(VLOOKUP(IFERROR(LOOKUP(2,1/((INDIRECT("'"&$B17&"'!$C$29:$C$45"))<>""),(INDIRECT("'"&$B17&"'!$C$29:$C$45"))),"NO DISPONIBLE"),CHOOSE({1,2},(INDIRECT("'"&$B17&"'!$C$29:$C$45")),(INDIRECT("'"&$B17&"'!$A$29:$A$45"))),2,0),0))>(IFERROR(VLOOKUP(IFERROR(LOOKUP(2,1/((INDIRECT("'"&$B17&"'!$D$29:$D$45"))<>""),(INDIRECT("'"&$B17&"'!$D$29:$D$45"))),"NO DISPONIBLE"),CHOOSE({1,2},(INDIRECT("'"&$B17&"'!$D$29:$D$45")),(INDIRECT("'"&$B17&"'!$A$29:$A$45"))),2,0),0)),IFERROR(LOOKUP(2,1/((INDIRECT("'"&$B17&"'!$C$29:$C$45"))<>""),(INDIRECT("'"&$B17&"'!$C$29:$C$45"))),"NO DISPONIBLE"),IFERROR(LOOKUP(2,1/((INDIRECT("'"&$B17&"'!$D$29:$D$45"))<>""),(INDIRECT("'"&$B17&"'!$D$29:$D$45"))),"NO DISPONIBLE"))} -> NO DISPONIBLE | AC17: ASEGURAMIENTO
A18: MJM-022 | B18: {=INDIRECT("'"&$B18&"'!$A$6")} -> NIVEL | C18: {=INDIRECT("'"&$B18&"'!$G$14")} -> REDLINE | D18: {=INDIRECT("'"&$B18&"'!$G$15")} -> NO PORTA | E18: {=INDIRECT("'"&$B18&"'!$G$16")} -> 780799058431 | F18: LABORATORIO 1 | G18: OPERATIVO | H18: {=INDIRECT("'"&$B18&"'!$G$11")} -> LONGITUD | I18: {=INDIRECT("'"&$B18&"'!$C$11")} -> MEDIA | J18: {=INDIRECT("'"&$B18&"'!$G$21")} -> N/A | K18: {=INDIRECT("'"&$B18&"'!$G$22")} -> N/A | L18: {=INDIRECT("'"&$B18&"'!$G$23")} -> N/A | N18: {=INDIRECT("'"&$B18&"'!$G$22")} -> N/A | P18: {=IFERROR(LOOKUP(2,1/((INDIRECT("'"&$B18&"'!$G$29:$G$45"))<>""),(INDIRECT("'"&$B18&"'!$G$29:$G$45"))),"NO DISPONIBLE")} -> FUNCIONAL | Q18: N/A | R18: {=IF(IF(MAX((IFERROR((ROW(INDIRECT("'"&$B18&"'!$F$29:$F$45"))-ROW(INDIRECT("'"&$B18&"'!$F$29"))+1)/--(IF(INDIRECT("'"&$B18&"'!$F$29:$F$45")<>"",1,0)),0))-(IFERROR((ROW(INDIRECT("'"&$B18&"'!$F$29:$F$45"))-ROW(INDIRECT("'"&$B18&"'!$F$29"))+1)/--(FIND("VERIFICACIÓN: ", INDIRECT("'"&$B18&"'!$F$29:$F$45"))),0)))<>0,INDEX(INDIRECT("'"&$B18&"'!$A$29:$G$45"),MAX((IFERROR((ROW(INDIRECT("'"&$B18&"'!$F$29:$F$45"))-ROW(INDIRECT("'"&$B18&"'!$F$29"))+1)/--(IF(INDIRECT("'"&$B18&"'!$F$29:$F$45")<>"",1,0)),0))-(IFERROR((ROW(INDIRECT("'"&$B18&"'!$F$29:$F$45"))-ROW(INDIRECT("'"&$B18&"'!$F$29"))+1)/--(FIND("VERIFICACIÓN: ", INDIRECT("'"&$B18&"'!$F$29:$F$45"))),0))),1),0)>IF(MAX(IFERROR((_xlfn._xlws.FILTER((ROW(INDIRECT("'"&$B18&"'!$E$29:$E$45"))-ROW(INDIRECT("'"&$B18&"'!$E$29"))+1)/--(IF(INDIRECT("'"&$B18&"'!$E$29:$E$45")<>"",1,0)), NOT(ISNUMBER(MATCH((ROW(INDIRECT("'"&$B18&"'!$E$29:$E$45"))-ROW(INDIRECT("'"&$B18&"'!$E$29"))+1)/--(IF(INDIRECT("'"&$B18&"'!$E$29:$E$45")<>"",1,0)), (ROW(INDIRECT("'"&$B18&"'!$E$29:$E$45"))-ROW(INDIRECT("'"&$B18&"'!$E$29"))+1)/--(FIND("VERIFICACIÓN: ", INDIRECT("'"&$B18&"'!$E$29:$E$45"))), 0))))),0))<>0,INDEX(INDIRECT("'"&$B18&"'!$A$29:$G$45"),MAX((IFERROR((ROW(INDIRECT("'"&$B18&"'!$E$29:$E$45"))-ROW(INDIRECT("'"&$B18&"'!$E$29"))+1)/--(IF(INDIRECT("'"&$B18&"'!$E$29:$E$45")<>"",1,0)),0))-(IFERROR((ROW(INDIRECT("'"&$B18&"'!$E$29:$E$45"))-ROW(INDIRECT("'"&$B18&"'!$E$29"))+1)/--(FIND("VERIFICACIÓN: ", INDIRECT("'"&$B18&"'!$E$29:$E$45"))),0))),1),0),IF(MAX((IFERROR((ROW(INDIRECT("'"&$B18&"'!$F$29:$F$45"))-ROW(INDIRECT("'"&$B18&"'!$F$29"))+1)/--(IF(INDIRECT("'"&$B18&"'!$F$29:$F$45")<>"",1,0)),0))-(IFERROR((ROW(INDIRECT("'"&$B18&"'!$F$29:$F$45"))-ROW(INDIRECT("'"&$B18&"'!$F$29"))+1)/--(FIND("VERIFICACIÓN: ", INDIRECT("'"&$B18&"'!$F$29:$F$45"))),0)))<>0,INDEX(INDIRECT("'"&$B18&"'!$A$29:$G$45"),MAX((IFERROR((ROW(INDIRECT("'"&$B18&"'!$F$29:$F$45"))-ROW(INDIRECT("'"&$B18&"'!$F$29"))+1)/--(IF(INDIRECT("'"&$B18&"'!$F$29:$F$45")<>"",1,0)),0))-(IFERROR((ROW(INDIRECT("'"&$B18&"'!$F$29:$F$45"))-ROW(INDIRECT("'"&$B18&"'!$F$29"))+1)/--(FIND("VERIFICACIÓN: ", INDIRECT("'"&$B18&"'!$F$29:$F$45"))),0))),1),0),IF(MAX(IFERROR((_xlfn._xlws.FILTER((ROW(INDIRECT("'"&$B18&"'!$E$29:$E$45"))-ROW(INDIRECT("'"&$B18&"'!$E$29"))+1)/--(IF(INDIRECT("'"&$B18&"'!$E$29:$E$45")<>"",1,0)), NOT(ISNUMBER(MATCH((ROW(INDIRECT("'"&$B18&"'!$E$29:$E$45"))-ROW(INDIRECT("'"&$B18&"'!$E$29"))+1)/--(IF(INDIRECT("'"&$B18&"'!$E$29:$E$45")<>"",1,0)), (ROW(INDIRECT("'"&$B18&"'!$E$29:$E$45"))-ROW(INDIRECT("'"&$B18&"'!$E$29"))+1)/--(FIND("VERIFICACIÓN: ", INDIRECT("'"&$B18&"'!$E$29:$E$45"))), 0))))),0))<>0,INDEX(INDIRECT("'"&$B18&"'!$A$29:$G$45"),MAX((IFERROR((ROW(INDIRECT("'"&$B18&"'!$E$29:$E$45"))-ROW(INDIRECT("'"&$B18&"'!$E$29"))+1)/--(IF(INDIRECT("'"&$B18&"'!$E$29:$E$45")<>"",1,0)),0))-(IFERROR((ROW(INDIRECT("'"&$B18&"'!$E$29:$E$45"))-ROW(INDIRECT("'"&$B18&"'!$E$29"))+1)/--(FIND("VERIFICACIÓN: ", INDIRECT("'"&$B18&"'!$E$29:$E$45"))),0))),1),0))} -> 0 | S18: No aplica | T18: {=IF(IF(MAX((IFERROR((ROW(INDIRECT("'"&$B18&"'!$F$29:$F$45"))-ROW(INDIRECT("'"&$B18&"'!$F$29"))+1)/--(IF(INDIRECT("'"&$B18&"'!$F$29:$F$45")<>"",1,0)),0))-(IFERROR((ROW(INDIRECT("'"&$B18&"'!$F$29:$F$45"))-ROW(INDIRECT("'"&$B18&"'!$F$29"))+1)/--(FIND("VERIFICACIÓN: ", INDIRECT("'"&$B18&"'!$F$29:$F$45"))),0)))<>0,INDEX(INDIRECT("'"&$B18&"'!$A$29:$G$45"),MAX((IFERROR((ROW(INDIRECT("'"&$B18&"'!$F$29:$F$45"))-ROW(INDIRECT("'"&$B18&"'!$F$29"))+1)/--(IF(INDIRECT("'"&$B18&"'!$F$29:$F$45")<>"",1,0)),0))-(IFERROR((ROW(INDIRECT("'"&$B18&"'!$F$29:$F$45"))-ROW(INDIRECT("'"&$B18&"'!$F$29"))+1)/--(FIND("VERIFICACIÓN: ", INDIRECT("'"&$B18&"'!$F$29:$F$45"))),0))),1),0)>IF(MAX(IFERROR((_xlfn._xlws.FILTER((ROW(INDIRECT("'"&$B18&"'!$E$29:$E$45"))-ROW(INDIRECT("'"&$B18&"'!$E$29"))+1)/--(IF(INDIRECT("'"&$B18&"'!$E$29:$E$45")<>"",1,0)), NOT(ISNUMBER(MATCH((ROW(INDIRECT("'"&$B18&"'!$E$29:$E$45"))-ROW(INDIRECT("'"&$B18&"'!$E$29"))+1)/--(IF(INDIRECT("'"&$B18&"'!$E$29:$E$45")<>"",1,0)), (ROW(INDIRECT("'"&$B18&"'!$E$29:$E$45"))-ROW(INDIRECT("'"&$B18&"'!$E$29"))+1)/--(FIND("VERIFICACIÓN: ", INDIRECT("'"&$B18&"'!$E$29:$E$45"))), 0))))),0))<>0,INDEX(INDIRECT("'"&$B18&"'!$A$29:$G$45"),MAX((IFERROR((ROW(INDIRECT("'"&$B18&"'!$E$29:$E$45"))-ROW(INDIRECT("'"&$B18&"'!$E$29"))+1)/--(IF(INDIRECT("'"&$B18&"'!$E$29:$E$45")<>"",1,0)),0))-(IFERROR((ROW(INDIRECT("'"&$B18&"'!$E$29:$E$45"))-ROW(INDIRECT("'"&$B18&"'!$E$29"))+1)/--(FIND("VERIFICACIÓN: ", INDIRECT("'"&$B18&"'!$E$29:$E$45"))),0))),1),0),IF(MAX((IFERROR((ROW(INDIRECT("'"&$B18&"'!$F$29:$F$45"))-ROW(INDIRECT("'"&$B18&"'!$F$29"))+1)/--(IF(INDIRECT("'"&$B18&"'!$F$29:$F$45")<>"",1,0)),0))-(IFERROR((ROW(INDIRECT("'"&$B18&"'!$F$29:$F$45"))-ROW(INDIRECT("'"&$B18&"'!$F$29"))+1)/--(FIND("VERIFICACIÓN: ", INDIRECT("'"&$B18&"'!$F$29:$F$45"))),0)))<>0,INDEX(INDIRECT("'"&$B18&"'!$A$29:$G$45"),MAX((IFERROR((ROW(INDIRECT("'"&$B18&"'!$F$29:$F$45"))-ROW(INDIRECT("'"&$B18&"'!$F$29"))+1)/--(IF(INDIRECT("'"&$B18&"'!$F$29:$F$45")<>"",1,0)),0))-(IFERROR((ROW(INDIRECT("'"&$B18&"'!$F$29:$F$45"))-ROW(INDIRECT("'"&$B18&"'!$F$29"))+1)/--(FIND("VERIFICACIÓN: ", INDIRECT("'"&$B18&"'!$F$29:$F$45"))),0))),6),"NO DISPONIBLE"),IF(MAX(IFERROR((_xlfn._xlws.FILTER((ROW(INDIRECT("'"&$B18&"'!$E$29:$E$45"))-ROW(INDIRECT("'"&$B18&"'!$E$29"))+1)/--(IF(INDIRECT("'"&$B18&"'!$E$29:$E$45")<>"",1,0)), NOT(ISNUMBER(MATCH((ROW(INDIRECT("'"&$B18&"'!$E$29:$E$45"))-ROW(INDIRECT("'"&$B18&"'!$E$29"))+1)/--(IF(INDIRECT("'"&$B18&"'!$E$29:$E$45")<>"",1,0)), (ROW(INDIRECT("'"&$B18&"'!$E$29:$E$45"))-ROW(INDIRECT("'"&$B18&"'!$E$29"))+1)/--(FIND("VERIFICACIÓN: ", INDIRECT("'"&$B18&"'!$E$29:$E$45"))), 0))))),0))<>0,INDEX(INDIRECT("'"&$B18&"'!$A$29:$G$45"),MAX((IFERROR((ROW(INDIRECT("'"&$B18&"'!$E$29:$E$45"))-ROW(INDIRECT("'"&$B18&"'!$E$29"))+1)/--(IF(INDIRECT("'"&$B18&"'!$E$29:$E$45")<>"",1,0)),0))-(IFERROR((ROW(INDIRECT("'"&$B18&"'!$E$29:$E$45"))-ROW(INDIRECT("'"&$B18&"'!$E$29"))+1)/--(FIND("VERIFICACIÓN: ", INDIRECT("'"&$B18&"'!$E$29:$E$45"))),0))),5),"NO DISPONIBLE"))} -> NO DISPONIBLE | U18: N/A | V18: {=IF((IFERROR(VLOOKUP(IFERROR(LOOKUP(2,1/((INDIRECT("'"&$B18&"'!$F$29:$F$45"))<>""),(INDIRECT("'"&$B18&"'!$F$29:$F$45"))),"NO DISPONIBLE"),CHOOSE({1,2},(INDIRECT("'"&$B18&"'!$F$29:$F$45")),(INDIRECT("'"&$B18&"'!$A$29:$A$45"))),2,0),0))>(IFERROR(VLOOKUP(IFERROR(LOOKUP(2,1/((INDIRECT("'"&$B18&"'!$E$29:$E$45"))<>""),(INDIRECT("'"&$B18&"'!$E$29:$E$45"))),"NO DISPONIBLE"),CHOOSE({1,2},(INDIRECT("'"&$B18&"'!$E$29:$E$45")),(INDIRECT("'"&$B18&"'!$A$29:$A$45"))),2,0),0)),(IFERROR(VLOOKUP(IFERROR(LOOKUP(2,1/((INDIRECT("'"&$B18&"'!$F$29:$F$45"))<>""),(INDIRECT("'"&$B18&"'!$F$29:$F$45"))),"NO DISPONIBLE"),CHOOSE({1,2},(INDIRECT("'"&$B18&"'!$F$29:$F$45")),(INDIRECT("'"&$B18&"'!$A$29:$A$45"))),2,0),0)),(IFERROR(VLOOKUP(IFERROR(LOOKUP(2,1/((INDIRECT("'"&$B18&"'!$E$29:$E$45"))<>""),(INDIRECT("'"&$B18&"'!$E$29:$E$45"))),"NO DISPONIBLE"),CHOOSE({1,2},(INDIRECT("'"&$B18&"'!$E$29:$E$45")),(INDIRECT("'"&$B18&"'!$A$29:$A$45"))),2,0),0)))} -> 0 | W18: No aplica | X18: {=IF((IFERROR(VLOOKUP(IFERROR(LOOKUP(2,1/((INDIRECT("'"&$B18&"'!$E$29:$E$45"))<>""),(INDIRECT("'"&$B18&"'!$E$29:$E$45"))),"NO DISPONIBLE"),CHOOSE({1,2},(INDIRECT("'"&$B18&"'!$E$29:$E$45")),(INDIRECT("'"&$B18&"'!$A$29:$A$45"))),2,0),0))>(IFERROR(VLOOKUP(IFERROR(LOOKUP(2,1/((INDIRECT("'"&$B18&"'!$F$29:$F$45"))<>""),(INDIRECT("'"&$B18&"'!$F$29:$F$45"))),"NO DISPONIBLE"),CHOOSE({1,2},(INDIRECT("'"&$B18&"'!$F$29:$F$45")),(INDIRECT("'"&$B18&"'!$A$29:$A$45"))),2,0),0)),IFERROR(LOOKUP(2,1/((INDIRECT("'"&$B18&"'!$E$29:$E$45"))<>""),(INDIRECT("'"&$B18&"'!$E$29:$E$45"))),"NO DISPONIBLE"),IFERROR(LOOKUP(2,1/((INDIRECT("'"&$B18&"'!$F$29:$F$45"))<>""),(INDIRECT("'"&$B18&"'!$F$29:$F$45"))),"NO DISPONIBLE"))} -> NO DISPONIBLE | Y18: N/A | Z18: {=IF((IFERROR(VLOOKUP(IFERROR(LOOKUP(2,1/((INDIRECT("'"&$B18&"'!$D$29:$D$45"))<>""),(INDIRECT("'"&$B18&"'!$D$29:$D$45"))),"NO DISPONIBLE"),CHOOSE({1,2},(INDIRECT("'"&$B18&"'!$D$29:$D$45")),(INDIRECT("'"&$B18&"'!$A$29:$A$45"))),2,0),0))>(IFERROR(VLOOKUP(IFERROR(LOOKUP(2,1/((INDIRECT("'"&$B18&"'!$C$29:$C$45"))<>""),(INDIRECT("'"&$B18&"'!$C$29:$C$45"))),"NO DISPONIBLE"),CHOOSE({1,2},(INDIRECT("'"&$B18&"'!$C$29:$C$45")),(INDIRECT("'"&$B18&"'!$A$29:$A$45"))),2,0),0)),(IFERROR(VLOOKUP(IFERROR(LOOKUP(2,1/((INDIRECT("'"&$B18&"'!$D$29:$D$45"))<>""),(INDIRECT("'"&$B18&"'!$D$29:$D$45"))),"NO DISPONIBLE"),CHOOSE({1,2},(INDIRECT("'"&$B18&"'!$D$29:$D$45")),(INDIRECT("'"&$B18&"'!$A$29:$A$45"))),2,0),0)),(IFERROR(VLOOKUP(IFERROR(LOOKUP(2,1/((INDIRECT("'"&$B18&"'!$C$29:$C$45"))<>""),(INDIRECT("'"&$B18&"'!$C$29:$C$45"))),"NO DISPONIBLE"),CHOOSE({1,2},(INDIRECT("'"&$B18&"'!$C$29:$C$45")),(INDIRECT("'"&$B18&"'!$A$29:$A$45"))),2,0),0)))} -> 0 | AA18: No aplica | AB18: {=IF((IFERROR(VLOOKUP(IFERROR(LOOKUP(2,1/((INDIRECT("'"&$B18&"'!$C$29:$C$45"))<>""),(INDIRECT("'"&$B18&"'!$C$29:$C$45"))),"NO DISPONIBLE"),CHOOSE({1,2},(INDIRECT("'"&$B18&"'!$C$29:$C$45")),(INDIRECT("'"&$B18&"'!$A$29:$A$45"))),2,0),0))>(IFERROR(VLOOKUP(IFERROR(LOOKUP(2,1/((INDIRECT("'"&$B18&"'!$D$29:$D$45"))<>""),(INDIRECT("'"&$B18&"'!$D$29:$D$45"))),"NO DISPONIBLE"),CHOOSE({1,2},(INDIRECT("'"&$B18&"'!$D$29:$D$45")),(INDIRECT("'"&$B18&"'!$A$29:$A$45"))),2,0),0)),IFERROR(LOOKUP(2,1/((INDIRECT("'"&$B18&"'!$C$29:$C$45"))<>""),(INDIRECT("'"&$B18&"'!$C$29:$C$45"))),"NO DISPONIBLE"),IFERROR(LOOKUP(2,1/((INDIRECT("'"&$B18&"'!$D$29:$D$45"))<>""),(INDIRECT("'"&$B18&"'!$D$29:$D$45"))),"NO DISPONIBLE"))} -> NO DISPONIBLE | AC18: ASEGURAMIENTO
A19: MJM-023 | B19: {=INDIRECT("'"&$B19&"'!$A$6")} -> MULTÍMETRO DIGITAL | C19: {=INDIRECT("'"&$B19&"'!$G$14")} -> UNI-T | D19: {=INDIRECT("'"&$B19&"'!$G$15")} -> UT151C | E19: {=INDIRECT("'"&$B19&"'!$G$16")} -> C200911708 | F19: LABORATORIO 1 | G19: OPERATIVO | H19: {=INDIRECT("'"&$B19&"'!$G$11")} -> ELÉCTRICAS | I19: {=INDIRECT("'"&$B19&"'!$C$11")} -> ALTA | J19: {=INDIRECT("'"&$B19&"'!$G$21")} -> 600 V | K19: {=INDIRECT("'"&$B19&"'!$G$22")} -> N/A | L19: {=INDIRECT("'"&$B19&"'!$G$23")} -> 0,1 V | N19: {=INDIRECT("'"&$B19&"'!$G$22")} -> N/A | P19: {=IFERROR(LOOKUP(2,1/((INDIRECT("'"&$B19&"'!$G$29:$G$45"))<>""),(INDIRECT("'"&$B19&"'!$G$29:$G$45"))),"NO DISPONIBLE")} -> FUNCIONAL | Q19: N/A | R19: {=IF(IF(MAX((IFERROR((ROW(INDIRECT("'"&$B19&"'!$F$29:$F$45"))-ROW(INDIRECT("'"&$B19&"'!$F$29"))+1)/--(IF(INDIRECT("'"&$B19&"'!$F$29:$F$45")<>"",1,0)),0))-(IFERROR((ROW(INDIRECT("'"&$B19&"'!$F$29:$F$45"))-ROW(INDIRECT("'"&$B19&"'!$F$29"))+1)/--(FIND("VERIFICACIÓN: ", INDIRECT("'"&$B19&"'!$F$29:$F$45"))),0)))<>0,INDEX(INDIRECT("'"&$B19&"'!$A$29:$G$45"),MAX((IFERROR((ROW(INDIRECT("'"&$B19&"'!$F$29:$F$45"))-ROW(INDIRECT("'"&$B19&"'!$F$29"))+1)/--(IF(INDIRECT("'"&$B19&"'!$F$29:$F$45")<>"",1,0)),0))-(IFERROR((ROW(INDIRECT("'"&$B19&"'!$F$29:$F$45"))-ROW(INDIRECT("'"&$B19&"'!$F$29"))+1)/--(FIND("VERIFICACIÓN: ", INDIRECT("'"&$B19&"'!$F$29:$F$45"))),0))),1),0)>IF(MAX(IFERROR((_xlfn._xlws.FILTER((ROW(INDIRECT("'"&$B19&"'!$E$29:$E$45"))-ROW(INDIRECT("'"&$B19&"'!$E$29"))+1)/--(IF(INDIRECT("'"&$B19&"'!$E$29:$E$45")<>"",1,0)), NOT(ISNUMBER(MATCH((ROW(INDIRECT("'"&$B19&"'!$E$29:$E$45"))-ROW(INDIRECT("'"&$B19&"'!$E$29"))+1)/--(IF(INDIRECT("'"&$B19&"'!$E$29:$E$45")<>"",1,0)), (ROW(INDIRECT("'"&$B19&"'!$E$29:$E$45"))-ROW(INDIRECT("'"&$B19&"'!$E$29"))+1)/--(FIND("VERIFICACIÓN: ", INDIRECT("'"&$B19&"'!$E$29:$E$45"))), 0))))),0))<>0,INDEX(INDIRECT("'"&$B19&"'!$A$29:$G$45"),MAX((IFERROR((ROW(INDIRECT("'"&$B19&"'!$E$29:$E$45"))-ROW(INDIRECT("'"&$B19&"'!$E$29"))+1)/--(IF(INDIRECT("'"&$B19&"'!$E$29:$E$45")<>"",1,0)),0))-(IFERROR((ROW(INDIRECT("'"&$B19&"'!$E$29:$E$45"))-ROW(INDIRECT("'"&$B19&"'!$E$29"))+1)/--(FIND("VERIFICACIÓN: ", INDIRECT("'"&$B19&"'!$E$29:$E$45"))),0))),1),0),IF(MAX((IFERROR((ROW(INDIRECT("'"&$B19&"'!$F$29:$F$45"))-ROW(INDIRECT("'"&$B19&"'!$F$29"))+1)/--(IF(INDIRECT("'"&$B19&"'!$F$29:$F$45")<>"",1,0)),0))-(IFERROR((ROW(INDIRECT("'"&$B19&"'!$F$29:$F$45"))-ROW(INDIRECT("'"&$B19&"'!$F$29"))+1)/--(FIND("VERIFICACIÓN: ", INDIRECT("'"&$B19&"'!$F$29:$F$45"))),0)))<>0,INDEX(INDIRECT("'"&$B19&"'!$A$29:$G$45"),MAX((IFERROR((ROW(INDIRECT("'"&$B19&"'!$F$29:$F$45"))-ROW(INDIRECT("'"&$B19&"'!$F$29"))+1)/--(IF(INDIRECT("'"&$B19&"'!$F$29:$F$45")<>"",1,0)),0))-(IFERROR((ROW(INDIRECT("'"&$B19&"'!$F$29:$F$45"))-ROW(INDIRECT("'"&$B19&"'!$F$29"))+1)/--(FIND("VERIFICACIÓN: ", INDIRECT("'"&$B19&"'!$F$29:$F$45"))),0))),1),0),IF(MAX(IFERROR((_xlfn._xlws.FILTER((ROW(INDIRECT("'"&$B19&"'!$E$29:$E$45"))-ROW(INDIRECT("'"&$B19&"'!$E$29"))+1)/--(IF(INDIRECT("'"&$B19&"'!$E$29:$E$45")<>"",1,0)), NOT(ISNUMBER(MATCH((ROW(INDIRECT("'"&$B19&"'!$E$29:$E$45"))-ROW(INDIRECT("'"&$B19&"'!$E$29"))+1)/--(IF(INDIRECT("'"&$B19&"'!$E$29:$E$45")<>"",1,0)), (ROW(INDIRECT("'"&$B19&"'!$E$29:$E$45"))-ROW(INDIRECT("'"&$B19&"'!$E$29"))+1)/--(FIND("VERIFICACIÓN: ", INDIRECT("'"&$B19&"'!$E$29:$E$45"))), 0))))),0))<>0,INDEX(INDIRECT("'"&$B19&"'!$A$29:$G$45"),MAX((IFERROR((ROW(INDIRECT("'"&$B19&"'!$E$29:$E$45"))-ROW(INDIRECT("'"&$B19&"'!$E$29"))+1)/--(IF(INDIRECT("'"&$B19&"'!$E$29:$E$45")<>"",1,0)),0))-(IFERROR((ROW(INDIRECT("'"&$B19&"'!$E$29:$E$45"))-ROW(INDIRECT("'"&$B19&"'!$E$29"))+1)/--(FIND("VERIFICACIÓN: ", INDIRECT("'"&$B19&"'!$E$29:$E$45"))),0))),1),0))} -> 45636 | S19: No aplica | T19: {=IF(IF(MAX((IFERROR((ROW(INDIRECT("'"&$B19&"'!$F$29:$F$45"))-ROW(INDIRECT("'"&$B19&"'!$F$29"))+1)/--(IF(INDIRECT("'"&$B19&"'!$F$29:$F$45")<>"",1,0)),0))-(IFERROR((ROW(INDIRECT("'"&$B19&"'!$F$29:$F$45"))-ROW(INDIRECT("'"&$B19&"'!$F$29"))+1)/--(FIND("VERIFICACIÓN: ", INDIRECT("'"&$B19&"'!$F$29:$F$45"))),0)))<>0,INDEX(INDIRECT("'"&$B19&"'!$A$29:$G$45"),MAX((IFERROR((ROW(INDIRECT("'"&$B19&"'!$F$29:$F$45"))-ROW(INDIRECT("'"&$B19&"'!$F$29"))+1)/--(IF(INDIRECT("'"&$B19&"'!$F$29:$F$45")<>"",1,0)),0))-(IFERROR((ROW(INDIRECT("'"&$B19&"'!$F$29:$F$45"))-ROW(INDIRECT("'"&$B19&"'!$F$29"))+1)/--(FIND("VERIFICACIÓN: ", INDIRECT("'"&$B19&"'!$F$29:$F$45"))),0))),1),0)>IF(MAX(IFERROR((_xlfn._xlws.FILTER((ROW(INDIRECT("'"&$B19&"'!$E$29:$E$45"))-ROW(INDIRECT("'"&$B19&"'!$E$29"))+1)/--(IF(INDIRECT("'"&$B19&"'!$E$29:$E$45")<>"",1,0)), NOT(ISNUMBER(MATCH((ROW(INDIRECT("'"&$B19&"'!$E$29:$E$45"))-ROW(INDIRECT("'"&$B19&"'!$E$29"))+1)/--(IF(INDIRECT("'"&$B19&"'!$E$29:$E$45")<>"",1,0)), (ROW(INDIRECT("'"&$B19&"'!$E$29:$E$45"))-ROW(INDIRECT("'"&$B19&"'!$E$29"))+1)/--(FIND("VERIFICACIÓN: ", INDIRECT("'"&$B19&"'!$E$29:$E$45"))), 0))))),0))<>0,INDEX(INDIRECT("'"&$B19&"'!$A$29:$G$45"),MAX((IFERROR((ROW(INDIRECT("'"&$B19&"'!$E$29:$E$45"))-ROW(INDIRECT("'"&$B19&"'!$E$29"))+1)/--(IF(INDIRECT("'"&$B19&"'!$E$29:$E$45")<>"",1,0)),0))-(IFERROR((ROW(INDIRECT("'"&$B19&"'!$E$29:$E$45"))-ROW(INDIRECT("'"&$B19&"'!$E$29"))+1)/--(FIND("VERIFICACIÓN: ", INDIRECT("'"&$B19&"'!$E$29:$E$45"))),0))),1),0),IF(MAX((IFERROR((ROW(INDIRECT("'"&$B19&"'!$F$29:$F$45"))-ROW(INDIRECT("'"&$B19&"'!$F$29"))+1)/--(IF(INDIRECT("'"&$B19&"'!$F$29:$F$45")<>"",1,0)),0))-(IFERROR((ROW(INDIRECT("'"&$B19&"'!$F$29:$F$45"))-ROW(INDIRECT("'"&$B19&"'!$F$29"))+1)/--(FIND("VERIFICACIÓN: ", INDIRECT("'"&$B19&"'!$F$29:$F$45"))),0)))<>0,INDEX(INDIRECT("'"&$B19&"'!$A$29:$G$45"),MAX((IFERROR((ROW(INDIRECT("'"&$B19&"'!$F$29:$F$45"))-ROW(INDIRECT("'"&$B19&"'!$F$29"))+1)/--(IF(INDIRECT("'"&$B19&"'!$F$29:$F$45")<>"",1,0)),0))-(IFERROR((ROW(INDIRECT("'"&$B19&"'!$F$29:$F$45"))-ROW(INDIRECT("'"&$B19&"'!$F$29"))+1)/--(FIND("VERIFICACIÓN: ", INDIRECT("'"&$B19&"'!$F$29:$F$45"))),0))),6),"NO DISPONIBLE"),IF(MAX(IFERROR((_xlfn._xlws.FILTER((ROW(INDIRECT("'"&$B19&"'!$E$29:$E$45"))-ROW(INDIRECT("'"&$B19&"'!$E$29"))+1)/--(IF(INDIRECT("'"&$B19&"'!$E$29:$E$45")<>"",1,0)), NOT(ISNUMBER(MATCH((ROW(INDIRECT("'"&$B19&"'!$E$29:$E$45"))-ROW(INDIRECT("'"&$B19&"'!$E$29"))+1)/--(IF(INDIRECT("'"&$B19&"'!$E$29:$E$45")<>"",1,0)), (ROW(INDIRECT("'"&$B19&"'!$E$29:$E$45"))-ROW(INDIRECT("'"&$B19&"'!$E$29"))+1)/--(FIND("VERIFICACIÓN: ", INDIRECT("'"&$B19&"'!$E$29:$E$45"))), 0))))),0))<>0,INDEX(INDIRECT("'"&$B19&"'!$A$29:$G$45"),MAX((IFERROR((ROW(INDIRECT("'"&$B19&"'!$E$29:$E$45"))-ROW(INDIRECT("'"&$B19&"'!$E$29"))+1)/--(IF(INDIRECT("'"&$B19&"'!$E$29:$E$45")<>"",1,0)),0))-(IFERROR((ROW(INDIRECT("'"&$B19&"'!$E$29:$E$45"))-ROW(INDIRECT("'"&$B19&"'!$E$29"))+1)/--(FIND("VERIFICACIÓN: ", INDIRECT("'"&$B19&"'!$E$29:$E$45"))),0))),5),"NO DISPONIBLE"))} -> MJM | U19: 6 | V19: {=IF((IFERROR(VLOOKUP(IFERROR(LOOKUP(2,1/((INDIRECT("'"&$B19&"'!$F$29:$F$45"))<>""),(INDIRECT("'"&$B19&"'!$F$29:$F$45"))),"NO DISPONIBLE"),CHOOSE({1,2},(INDIRECT("'"&$B19&"'!$F$29:$F$45")),(INDIRECT("'"&$B19&"'!$A$29:$A$45"))),2,0),0))>(IFERROR(VLOOKUP(IFERROR(LOOKUP(2,1/((INDIRECT("'"&$B19&"'!$E$29:$E$45"))<>""),(INDIRECT("'"&$B19&"'!$E$29:$E$45"))),"NO DISPONIBLE"),CHOOSE({1,2},(INDIRECT("'"&$B19&"'!$E$29:$E$45")),(INDIRECT("'"&$B19&"'!$A$29:$A$45"))),2,0),0)),(IFERROR(VLOOKUP(IFERROR(LOOKUP(2,1/((INDIRECT("'"&$B19&"'!$F$29:$F$45"))<>""),(INDIRECT("'"&$B19&"'!$F$29:$F$45"))),"NO DISPONIBLE"),CHOOSE({1,2},(INDIRECT("'"&$B19&"'!$F$29:$F$45")),(INDIRECT("'"&$B19&"'!$A$29:$A$45"))),2,0),0)),(IFERROR(VLOOKUP(IFERROR(LOOKUP(2,1/((INDIRECT("'"&$B19&"'!$E$29:$E$45"))<>""),(INDIRECT("'"&$B19&"'!$E$29:$E$45"))),"NO DISPONIBLE"),CHOOSE({1,2},(INDIRECT("'"&$B19&"'!$E$29:$E$45")),(INDIRECT("'"&$B19&"'!$A$29:$A$45"))),2,0),0)))} -> 45636 | W19: Sin verificar | X19: {=IF((IFERROR(VLOOKUP(IFERROR(LOOKUP(2,1/((INDIRECT("'"&$B19&"'!$E$29:$E$45"))<>""),(INDIRECT("'"&$B19&"'!$E$29:$E$45"))),"NO DISPONIBLE"),CHOOSE({1,2},(INDIRECT("'"&$B19&"'!$E$29:$E$45")),(INDIRECT("'"&$B19&"'!$A$29:$A$45"))),2,0),0))>(IFERROR(VLOOKUP(IFERROR(LOOKUP(2,1/((INDIRECT("'"&$B19&"'!$F$29:$F$45"))<>""),(INDIRECT("'"&$B19&"'!$F$29:$F$45"))),"NO DISPONIBLE"),CHOOSE({1,2},(INDIRECT("'"&$B19&"'!$F$29:$F$45")),(INDIRECT("'"&$B19&"'!$A$29:$A$45"))),2,0),0)),IFERROR(LOOKUP(2,1/((INDIRECT("'"&$B19&"'!$E$29:$E$45"))<>""),(INDIRECT("'"&$B19&"'!$E$29:$E$45"))),"NO DISPONIBLE"),IFERROR(LOOKUP(2,1/((INDIRECT("'"&$B19&"'!$F$29:$F$45"))<>""),(INDIRECT("'"&$B19&"'!$F$29:$F$45"))),"NO DISPONIBLE"))} -> MJM | Y19: N/A | Z19: {=IF((IFERROR(VLOOKUP(IFERROR(LOOKUP(2,1/((INDIRECT("'"&$B19&"'!$D$29:$D$45"))<>""),(INDIRECT("'"&$B19&"'!$D$29:$D$45"))),"NO DISPONIBLE"),CHOOSE({1,2},(INDIRECT("'"&$B19&"'!$D$29:$D$45")),(INDIRECT("'"&$B19&"'!$A$29:$A$45"))),2,0),0))>(IFERROR(VLOOKUP(IFERROR(LOOKUP(2,1/((INDIRECT("'"&$B19&"'!$C$29:$C$45"))<>""),(INDIRECT("'"&$B19&"'!$C$29:$C$45"))),"NO DISPONIBLE"),CHOOSE({1,2},(INDIRECT("'"&$B19&"'!$C$29:$C$45")),(INDIRECT("'"&$B19&"'!$A$29:$A$45"))),2,0),0)),(IFERROR(VLOOKUP(IFERROR(LOOKUP(2,1/((INDIRECT("'"&$B19&"'!$D$29:$D$45"))<>""),(INDIRECT("'"&$B19&"'!$D$29:$D$45"))),"NO DISPONIBLE"),CHOOSE({1,2},(INDIRECT("'"&$B19&"'!$D$29:$D$45")),(INDIRECT("'"&$B19&"'!$A$29:$A$45"))),2,0),0)),(IFERROR(VLOOKUP(IFERROR(LOOKUP(2,1/((INDIRECT("'"&$B19&"'!$C$29:$C$45"))<>""),(INDIRECT("'"&$B19&"'!$C$29:$C$45"))),"NO DISPONIBLE"),CHOOSE({1,2},(INDIRECT("'"&$B19&"'!$C$29:$C$45")),(INDIRECT("'"&$B19&"'!$A$29:$A$45"))),2,0),0)))} -> 45636 | AA19: No aplica | AB19: {=IF((IFERROR(VLOOKUP(IFERROR(LOOKUP(2,1/((INDIRECT("'"&$B19&"'!$C$29:$C$45"))<>""),(INDIRECT("'"&$B19&"'!$C$29:$C$45"))),"NO DISPONIBLE"),CHOOSE({1,2},(INDIRECT("'"&$B19&"'!$C$29:$C$45")),(INDIRECT("'"&$B19&"'!$A$29:$A$45"))),2,0),0))>(IFERROR(VLOOKUP(IFERROR(LOOKUP(2,1/((INDIRECT("'"&$B19&"'!$D$29:$D$45"))<>""),(INDIRECT("'"&$B19&"'!$D$29:$D$45"))),"NO DISPONIBLE"),CHOOSE({1,2},(INDIRECT("'"&$B19&"'!$D$29:$D$45")),(INDIRECT("'"&$B19&"'!$A$29:$A$45"))),2,0),0)),IFERROR(LOOKUP(2,1/((INDIRECT("'"&$B19&"'!$C$29:$C$45"))<>""),(INDIRECT("'"&$B19&"'!$C$29:$C$45"))),"NO DISPONIBLE"),IFERROR(LOOKUP(2,1/((INDIRECT("'"&$B19&"'!$D$29:$D$45"))<>""),(INDIRECT("'"&$B19&"'!$D$29:$D$45"))),"NO DISPONIBLE"))} -> MJM | AC19: ASEGURAMIENTO
A20: MJM-054 | B20: {=INDIRECT("'"&$B20&"'!$A$6")} -> INCLINÓMETRO | C20: {=INDIRECT("'"&$B20&"'!$G$14")} -> SKETCH MAP | D20: {=INDIRECT("'"&$B20&"'!$G$15")} -> NO PORTA | E20: {=INDIRECT("'"&$B20&"'!$G$16")} -> 710205887538 | F20: LABORATORIO 2 | G20: OPERATIVO | H20: {=INDIRECT("'"&$B20&"'!$G$11")} -> LONGITUD | I20: {=INDIRECT("'"&$B20&"'!$C$11")} -> BAJA | J20: {=INDIRECT("'"&$B20&"'!$G$21")} -> 90 ° | K20: {=INDIRECT("'"&$B20&"'!$G$22")} -> 0° | L20: {=INDIRECT("'"&$B20&"'!$G$23")} -> 1° | N20: {=INDIRECT("'"&$B20&"'!$G$22")} -> 0° | P20: {=IFERROR(LOOKUP(2,1/((INDIRECT("'"&$B20&"'!$G$29:$G$45"))<>""),(INDIRECT("'"&$B20&"'!$G$29:$G$45"))),"NO DISPONIBLE")} -> FUNCIONAL | Q20: N/A | R20: {=IF(IF(MAX((IFERROR((ROW(INDIRECT("'"&$B20&"'!$F$29:$F$45"))-ROW(INDIRECT("'"&$B20&"'!$F$29"))+1)/--(IF(INDIRECT("'"&$B20&"'!$F$29:$F$45")<>"",1,0)),0))-(IFERROR((ROW(INDIRECT("'"&$B20&"'!$F$29:$F$45"))-ROW(INDIRECT("'"&$B20&"'!$F$29"))+1)/--(FIND("VERIFICACIÓN: ", INDIRECT("'"&$B20&"'!$F$29:$F$45"))),0)))<>0,INDEX(INDIRECT("'"&$B20&"'!$A$29:$G$45"),MAX((IFERROR((ROW(INDIRECT("'"&$B20&"'!$F$29:$F$45"))-ROW(INDIRECT("'"&$B20&"'!$F$29"))+1)/--(IF(INDIRECT("'"&$B20&"'!$F$29:$F$45")<>"",1,0)),0))-(IFERROR((ROW(INDIRECT("'"&$B20&"'!$F$29:$F$45"))-ROW(INDIRECT("'"&$B20&"'!$F$29"))+1)/--(FIND("VERIFICACIÓN: ", INDIRECT("'"&$B20&"'!$F$29:$F$45"))),0))),1),0)>IF(MAX(IFERROR((_xlfn._xlws.FILTER((ROW(INDIRECT("'"&$B20&"'!$E$29:$E$45"))-ROW(INDIRECT("'"&$B20&"'!$E$29"))+1)/--(IF(INDIRECT("'"&$B20&"'!$E$29:$E$45")<>"",1,0)), NOT(ISNUMBER(MATCH((ROW(INDIRECT("'"&$B20&"'!$E$29:$E$45"))-ROW(INDIRECT("'"&$B20&"'!$E$29"))+1)/--(IF(INDIRECT("'"&$B20&"'!$E$29:$E$45")<>"",1,0)), (ROW(INDIRECT("'"&$B20&"'!$E$29:$E$45"))-ROW(INDIRECT("'"&$B20&"'!$E$29"))+1)/--(FIND("VERIFICACIÓN: ", INDIRECT("'"&$B20&"'!$E$29:$E$45"))), 0))))),0))<>0,INDEX(INDIRECT("'"&$B20&"'!$A$29:$G$45"),MAX((IFERROR((ROW(INDIRECT("'"&$B20&"'!$E$29:$E$45"))-ROW(INDIRECT("'"&$B20&"'!$E$29"))+1)/--(IF(INDIRECT("'"&$B20&"'!$E$29:$E$45")<>"",1,0)),0))-(IFERROR((ROW(INDIRECT("'"&$B20&"'!$E$29:$E$45"))-ROW(INDIRECT("'"&$B20&"'!$E$29"))+1)/--(FIND("VERIFICACIÓN: ", INDIRECT("'"&$B20&"'!$E$29:$E$45"))),0))),1),0),IF(MAX((IFERROR((ROW(INDIRECT("'"&$B20&"'!$F$29:$F$45"))-ROW(INDIRECT("'"&$B20&"'!$F$29"))+1)/--(IF(INDIRECT("'"&$B20&"'!$F$29:$F$45")<>"",1,0)),0))-(IFERROR((ROW(INDIRECT("'"&$B20&"'!$F$29:$F$45"))-ROW(INDIRECT("'"&$B20&"'!$F$29"))+1)/--(FIND("VERIFICACIÓN: ", INDIRECT("'"&$B20&"'!$F$29:$F$45"))),0)))<>0,INDEX(INDIRECT("'"&$B20&"'!$A$29:$G$45"),MAX((IFERROR((ROW(INDIRECT("'"&$B20&"'!$F$29:$F$45"))-ROW(INDIRECT("'"&$B20&"'!$F$29"))+1)/--(IF(INDIRECT("'"&$B20&"'!$F$29:$F$45")<>"",1,0)),0))-(IFERROR((ROW(INDIRECT("'"&$B20&"'!$F$29:$F$45"))-ROW(INDIRECT("'"&$B20&"'!$F$29"))+1)/--(FIND("VERIFICACIÓN: ", INDIRECT("'"&$B20&"'!$F$29:$F$45"))),0))),1),0),IF(MAX(IFERROR((_xlfn._xlws.FILTER((ROW(INDIRECT("'"&$B20&"'!$E$29:$E$45"))-ROW(INDIRECT("'"&$B20&"'!$E$29"))+1)/--(IF(INDIRECT("'"&$B20&"'!$E$29:$E$45")<>"",1,0)), NOT(ISNUMBER(MATCH((ROW(INDIRECT("'"&$B20&"'!$E$29:$E$45"))-ROW(INDIRECT("'"&$B20&"'!$E$29"))+1)/--(IF(INDIRECT("'"&$B20&"'!$E$29:$E$45")<>"",1,0)), (ROW(INDIRECT("'"&$B20&"'!$E$29:$E$45"))-ROW(INDIRECT("'"&$B20&"'!$E$29"))+1)/--(FIND("VERIFICACIÓN: ", INDIRECT("'"&$B20&"'!$E$29:$E$45"))), 0))))),0))<>0,INDEX(INDIRECT("'"&$B20&"'!$A$29:$G$45"),MAX((IFERROR((ROW(INDIRECT("'"&$B20&"'!$E$29:$E$45"))-ROW(INDIRECT("'"&$B20&"'!$E$29"))+1)/--(IF(INDIRECT("'"&$B20&"'!$E$29:$E$45")<>"",1,0)),0))-(IFERROR((ROW(INDIRECT("'"&$B20&"'!$E$29:$E$45"))-ROW(INDIRECT("'"&$B20&"'!$E$29"))+1)/--(FIND("VERIFICACIÓN: ", INDIRECT("'"&$B20&"'!$E$29:$E$45"))),0))),1),0))} -> 45632 | S20: No aplica | T20: {=IF(IF(MAX((IFERROR((ROW(INDIRECT("'"&$B20&"'!$F$29:$F$45"))-ROW(INDIRECT("'"&$B20&"'!$F$29"))+1)/--(IF(INDIRECT("'"&$B20&"'!$F$29:$F$45")<>"",1,0)),0))-(IFERROR((ROW(INDIRECT("'"&$B20&"'!$F$29:$F$45"))-ROW(INDIRECT("'"&$B20&"'!$F$29"))+1)/--(FIND("VERIFICACIÓN: ", INDIRECT("'"&$B20&"'!$F$29:$F$45"))),0)))<>0,INDEX(INDIRECT("'"&$B20&"'!$A$29:$G$45"),MAX((IFERROR((ROW(INDIRECT("'"&$B20&"'!$F$29:$F$45"))-ROW(INDIRECT("'"&$B20&"'!$F$29"))+1)/--(IF(INDIRECT("'"&$B20&"'!$F$29:$F$45")<>"",1,0)),0))-(IFERROR((ROW(INDIRECT("'"&$B20&"'!$F$29:$F$45"))-ROW(INDIRECT("'"&$B20&"'!$F$29"))+1)/--(FIND("VERIFICACIÓN: ", INDIRECT("'"&$B20&"'!$F$29:$F$45"))),0))),1),0)>IF(MAX(IFERROR((_xlfn._xlws.FILTER((ROW(INDIRECT("'"&$B20&"'!$E$29:$E$45"))-ROW(INDIRECT("'"&$B20&"'!$E$29"))+1)/--(IF(INDIRECT("'"&$B20&"'!$E$29:$E$45")<>"",1,0)), NOT(ISNUMBER(MATCH((ROW(INDIRECT("'"&$B20&"'!$E$29:$E$45"))-ROW(INDIRECT("'"&$B20&"'!$E$29"))+1)/--(IF(INDIRECT("'"&$B20&"'!$E$29:$E$45")<>"",1,0)), (ROW(INDIRECT("'"&$B20&"'!$E$29:$E$45"))-ROW(INDIRECT("'"&$B20&"'!$E$29"))+1)/--(FIND("VERIFICACIÓN: ", INDIRECT("'"&$B20&"'!$E$29:$E$45"))), 0))))),0))<>0,INDEX(INDIRECT("'"&$B20&"'!$A$29:$G$45"),MAX((IFERROR((ROW(INDIRECT("'"&$B20&"'!$E$29:$E$45"))-ROW(INDIRECT("'"&$B20&"'!$E$29"))+1)/--(IF(INDIRECT("'"&$B20&"'!$E$29:$E$45")<>"",1,0)),0))-(IFERROR((ROW(INDIRECT("'"&$B20&"'!$E$29:$E$45"))-ROW(INDIRECT("'"&$B20&"'!$E$29"))+1)/--(FIND("VERIFICACIÓN: ", INDIRECT("'"&$B20&"'!$E$29:$E$45"))),0))),1),0),IF(MAX((IFERROR((ROW(INDIRECT("'"&$B20&"'!$F$29:$F$45"))-ROW(INDIRECT("'"&$B20&"'!$F$29"))+1)/--(IF(INDIRECT("'"&$B20&"'!$F$29:$F$45")<>"",1,0)),0))-(IFERROR((ROW(INDIRECT("'"&$B20&"'!$F$29:$F$45"))-ROW(INDIRECT("'"&$B20&"'!$F$29"))+1)/--(FIND("VERIFICACIÓN: ", INDIRECT("'"&$B20&"'!$F$29:$F$45"))),0)))<>0,INDEX(INDIRECT("'"&$B20&"'!$A$29:$G$45"),MAX((IFERROR((ROW(INDIRECT("'"&$B20&"'!$F$29:$F$45"))-ROW(INDIRECT("'"&$B20&"'!$F$29"))+1)/--(IF(INDIRECT("'"&$B20&"'!$F$29:$F$45")<>"",1,0)),0))-(IFERROR((ROW(INDIRECT("'"&$B20&"'!$F$29:$F$45"))-ROW(INDIRECT("'"&$B20&"'!$F$29"))+1)/--(FIND("VERIFICACIÓN: ", INDIRECT("'"&$B20&"'!$F$29:$F$45"))),0))),6),"NO DISPONIBLE"),IF(MAX(IFERROR((_xlfn._xlws.FILTER((ROW(INDIRECT("'"&$B20&"'!$E$29:$E$45"))-ROW(INDIRECT("'"&$B20&"'!$E$29"))+1)/--(IF(INDIRECT("'"&$B20&"'!$E$29:$E$45")<>"",1,0)), NOT(ISNUMBER(MATCH((ROW(INDIRECT("'"&$B20&"'!$E$29:$E$45"))-ROW(INDIRECT("'"&$B20&"'!$E$29"))+1)/--(IF(INDIRECT("'"&$B20&"'!$E$29:$E$45")<>"",1,0)), (ROW(INDIRECT("'"&$B20&"'!$E$29:$E$45"))-ROW(INDIRECT("'"&$B20&"'!$E$29"))+1)/--(FIND("VERIFICACIÓN: ", INDIRECT("'"&$B20&"'!$E$29:$E$45"))), 0))))),0))<>0,INDEX(INDIRECT("'"&$B20&"'!$A$29:$G$45"),MAX((IFERROR((ROW(INDIRECT("'"&$B20&"'!$E$29:$E$45"))-ROW(INDIRECT("'"&$B20&"'!$E$29"))+1)/--(IF(INDIRECT("'"&$B20&"'!$E$29:$E$45")<>"",1,0)),0))-(IFERROR((ROW(INDIRECT("'"&$B20&"'!$E$29:$E$45"))-ROW(INDIRECT("'"&$B20&"'!$E$29"))+1)/--(FIND("VERIFICACIÓN: ", INDIRECT("'"&$B20&"'!$E$29:$E$45"))),0))),5),"NO DISPONIBLE"))} -> CALIBRACIÓN 24-SAE-0807D / SAE | U20: N/A | V20: {=IF((IFERROR(VLOOKUP(IFERROR(LOOKUP(2,1/((INDIRECT("'"&$B20&"'!$F$29:$F$45"))<>""),(INDIRECT("'"&$B20&"'!$F$29:$F$45"))),"NO DISPONIBLE"),CHOOSE({1,2},(INDIRECT("'"&$B20&"'!$F$29:$F$45")),(INDIRECT("'"&$B20&"'!$A$29:$A$45"))),2,0),0))>(IFERROR(VLOOKUP(IFERROR(LOOKUP(2,1/((INDIRECT("'"&$B20&"'!$E$29:$E$45"))<>""),(INDIRECT("'"&$B20&"'!$E$29:$E$45"))),"NO DISPONIBLE"),CHOOSE({1,2},(INDIRECT("'"&$B20&"'!$E$29:$E$45")),(INDIRECT("'"&$B20&"'!$A$29:$A$45"))),2,0),0)),(IFERROR(VLOOKUP(IFERROR(LOOKUP(2,1/((INDIRECT("'"&$B20&"'!$F$29:$F$45"))<>""),(INDIRECT("'"&$B20&"'!$F$29:$F$45"))),"NO DISPONIBLE"),CHOOSE({1,2},(INDIRECT("'"&$B20&"'!$F$29:$F$45")),(INDIRECT("'"&$B20&"'!$A$29:$A$45"))),2,0),0)),(IFERROR(VLOOKUP(IFERROR(LOOKUP(2,1/((INDIRECT("'"&$B20&"'!$E$29:$E$45"))<>""),(INDIRECT("'"&$B20&"'!$E$29:$E$45"))),"NO DISPONIBLE"),CHOOSE({1,2},(INDIRECT("'"&$B20&"'!$E$29:$E$45")),(INDIRECT("'"&$B20&"'!$A$29:$A$45"))),2,0),0)))} -> 45632 | W20: No aplica | X20: {=IF((IFERROR(VLOOKUP(IFERROR(LOOKUP(2,1/((INDIRECT("'"&$B20&"'!$E$29:$E$45"))<>""),(INDIRECT("'"&$B20&"'!$E$29:$E$45"))),"NO DISPONIBLE"),CHOOSE({1,2},(INDIRECT("'"&$B20&"'!$E$29:$E$45")),(INDIRECT("'"&$B20&"'!$A$29:$A$45"))),2,0),0))>(IFERROR(VLOOKUP(IFERROR(LOOKUP(2,1/((INDIRECT("'"&$B20&"'!$F$29:$F$45"))<>""),(INDIRECT("'"&$B20&"'!$F$29:$F$45"))),"NO DISPONIBLE"),CHOOSE({1,2},(INDIRECT("'"&$B20&"'!$F$29:$F$45")),(INDIRECT("'"&$B20&"'!$A$29:$A$45"))),2,0),0)),IFERROR(LOOKUP(2,1/((INDIRECT("'"&$B20&"'!$E$29:$E$45"))<>""),(INDIRECT("'"&$B20&"'!$E$29:$E$45"))),"NO DISPONIBLE"),IFERROR(LOOKUP(2,1/((INDIRECT("'"&$B20&"'!$F$29:$F$45"))<>""),(INDIRECT("'"&$B20&"'!$F$29:$F$45"))),"NO DISPONIBLE"))} -> CALIBRACIÓN 24-SAE-0807D / SAE | Y20: N/A | Z20: {=IF((IFERROR(VLOOKUP(IFERROR(LOOKUP(2,1/((INDIRECT("'"&$B20&"'!$D$29:$D$45"))<>""),(INDIRECT("'"&$B20&"'!$D$29:$D$45"))),"NO DISPONIBLE"),CHOOSE({1,2},(INDIRECT("'"&$B20&"'!$D$29:$D$45")),(INDIRECT("'"&$B20&"'!$A$29:$A$45"))),2,0),0))>(IFERROR(VLOOKUP(IFERROR(LOOKUP(2,1/((INDIRECT("'"&$B20&"'!$C$29:$C$45"))<>""),(INDIRECT("'"&$B20&"'!$C$29:$C$45"))),"NO DISPONIBLE"),CHOOSE({1,2},(INDIRECT("'"&$B20&"'!$C$29:$C$45")),(INDIRECT("'"&$B20&"'!$A$29:$A$45"))),2,0),0)),(IFERROR(VLOOKUP(IFERROR(LOOKUP(2,1/((INDIRECT("'"&$B20&"'!$D$29:$D$45"))<>""),(INDIRECT("'"&$B20&"'!$D$29:$D$45"))),"NO DISPONIBLE"),CHOOSE({1,2},(INDIRECT("'"&$B20&"'!$D$29:$D$45")),(INDIRECT("'"&$B20&"'!$A$29:$A$45"))),2,0),0)),(IFERROR(VLOOKUP(IFERROR(LOOKUP(2,1/((INDIRECT("'"&$B20&"'!$C$29:$C$45"))<>""),(INDIRECT("'"&$B20&"'!$C$29:$C$45"))),"NO DISPONIBLE"),CHOOSE({1,2},(INDIRECT("'"&$B20&"'!$C$29:$C$45")),(INDIRECT("'"&$B20&"'!$A$29:$A$45"))),2,0),0)))} -> 0 | AA20: No aplica | AB20: {=IF((IFERROR(VLOOKUP(IFERROR(LOOKUP(2,1/((INDIRECT("'"&$B20&"'!$C$29:$C$45"))<>""),(INDIRECT("'"&$B20&"'!$C$29:$C$45"))),"NO DISPONIBLE"),CHOOSE({1,2},(INDIRECT("'"&$B20&"'!$C$29:$C$45")),(INDIRECT("'"&$B20&"'!$A$29:$A$45"))),2,0),0))>(IFERROR(VLOOKUP(IFERROR(LOOKUP(2,1/((INDIRECT("'"&$B20&"'!$D$29:$D$45"))<>""),(INDIRECT("'"&$B20&"'!$D$29:$D$45"))),"NO DISPONIBLE"),CHOOSE({1,2},(INDIRECT("'"&$B20&"'!$D$29:$D$45")),(INDIRECT("'"&$B20&"'!$A$29:$A$45"))),2,0),0)),IFERROR(LOOKUP(2,1/((INDIRECT("'"&$B20&"'!$C$29:$C$45"))<>""),(INDIRECT("'"&$B20&"'!$C$29:$C$45"))),"NO DISPONIBLE"),IFERROR(LOOKUP(2,1/((INDIRECT("'"&$B20&"'!$D$29:$D$45"))<>""),(INDIRECT("'"&$B20&"'!$D$29:$D$45"))),"NO DISPONIBLE"))} -> NO DISPONIBLE | AC20: ASEGURAMIENTO
